Age,MonthlyIncome,YearsAtCompany,JobSatisfaction,WorkLifeBalance,OverTime,NumCompaniesWorked,TrainingTimes,Attrition
25,76980,16,3,3,Yes,5,2,No
40,62683,4,4,2,No,0,1,No
21,39353,16,2,2,No,7,4,No
35,17245,16,1,1,Yes,2,2,No
23,40661,5,3,3,Yes,4,2,Yes
22,65441,16,4,2,Yes,1,4,Yes
55,69625,0,1,3,Yes,6,1,No
20,41997,36,1,4,Yes,3,0,Yes
20,26793,40,3,4,No,7,3,Yes
28,42460,38,3,1,Yes,7,3,No
42,53837,14,1,2,Yes,3,6,Yes
31,31219,21,3,1,No,4,3,Yes
35,58107,12,4,4,No,4,0,Yes
47,20646,5,4,1,Yes,5,0,Yes
25,61570,8,3,4,No,9,0,No
28,69829,3,4,1,Yes,9,4,No
22,49051,0,1,1,No,9,5,Yes
52,65961,23,1,2,Yes,1,5,Yes
37,51748,16,3,1,No,7,5,Yes
52,35404,15,3,1,No,8,0,No
53,26976,27,4,2,No,4,5,No
57,52714,14,2,2,No,4,4,No
53,76932,14,1,2,Yes,2,6,Yes
51,60737,20,3,3,Yes,9,4,No
23,24345,31,1,4,No,1,2,Yes
48,48067,24,3,4,Yes,6,1,No
59,33259,6,4,3,No,2,2,Yes
42,29254,26,4,1,Yes,6,1,No
43,19054,10,2,1,No,0,1,No
21,43037,27,2,1,No,4,2,Yes
44,36493,40,4,1,Yes,4,3,No
37,34047,35,3,1,No,1,2,No
43,53800,37,2,2,Yes,7,1,No
49,55377,40,1,4,Yes,5,1,Yes
28,48841,33,3,4,No,0,0,No
48,23491,39,4,2,Yes,0,2,Yes
39,60395,7,1,4,No,6,3,Yes
29,49626,39,4,4,Yes,0,0,No
22,76547,9,2,4,No,1,3,Yes
56,73561,28,1,2,No,3,3,No
44,51002,22,2,2,Yes,6,3,No
58,23413,6,4,2,Yes,9,5,Yes
23,55118,12,3,2,No,5,5,No
40,57693,12,2,2,No,5,6,Yes
35,31078,16,4,2,No,5,2,No
37,75938,17,2,4,No,3,5,Yes
58,27785,35,3,4,No,9,5,No
56,65588,19,2,3,No,9,3,Yes
57,45325,26,4,4,No,3,6,Yes
32,32494,11,1,4,No,5,2,Yes
24,77734,3,3,4,Yes,4,3,No
28,57269,17,2,2,Yes,2,5,Yes
36,34506,8,2,2,Yes,6,4,No
50,16155,29,2,2,Yes,6,4,No
21,29254,25,2,3,No,4,5,Yes
32,41384,28,4,3,Yes,10,5,Yes
22,67943,25,2,4,No,7,3,Yes
53,64658,30,3,4,No,4,1,No
50,56843,37,1,3,No,6,3,Yes
42,61370,14,4,2,Yes,8,5,No
31,65258,32,1,4,No,5,3,Yes
30,58060,31,3,1,Yes,8,3,Yes
36,15372,14,1,1,No,7,0,Yes
35,59566,38,3,2,Yes,4,1,Yes
28,79447,19,2,2,Yes,6,2,No
42,31927,36,2,1,No,3,4,Yes
48,76207,18,1,2,Yes,3,4,Yes
60,70858,32,1,2,No,1,0,Yes
39,20708,4,2,3,No,7,3,Yes
31,46583,30,1,2,No,2,1,No
52,36611,15,1,3,Yes,0,6,Yes
30,76240,30,1,4,No,4,2,Yes
24,47959,15,4,2,No,1,6,No
52,54758,3,1,4,Yes,4,3,Yes
34,48374,30,4,3,No,9,3,No
35,50160,31,4,4,Yes,4,4,No
48,33175,4,3,2,No,4,5,No
55,72529,34,3,4,No,2,4,No
27,78421,30,3,1,No,9,5,Yes
39,34074,25,2,2,No,9,1,Yes
52,20844,7,1,2,Yes,6,6,Yes
49,15218,11,4,2,Yes,3,1,Yes
29,47810,19,3,2,No,0,3,Yes
23,26069,27,4,2,Yes,0,0,Yes
30,40656,37,4,2,Yes,2,1,Yes
31,54016,22,4,2,Yes,0,5,No
24,46001,22,3,3,No,4,6,Yes
50,25015,30,1,3,No,2,1,No
35,17603,11,2,4,Yes,10,5,No
34,35688,34,3,3,No,1,4,Yes
54,43241,25,3,3,No,1,4,Yes
25,53165,18,2,2,No,10,6,Yes
38,66025,27,3,3,Yes,10,2,Yes
45,17244,34,4,3,Yes,4,5,No
47,63280,28,3,1,No,4,5,Yes
26,67849,10,4,4,No,2,0,No
49,79360,11,3,4,No,9,6,Yes
32,25684,13,1,2,No,1,5,No
44,61979,5,2,1,Yes,6,4,Yes
40,54555,31,2,2,Yes,7,6,Yes
56,61886,37,1,4,No,8,2,No
47,61755,21,1,2,No,2,1,Yes
52,53277,16,2,2,Yes,1,4,Yes
53,71361,15,4,3,Yes,2,3,Yes
40,56846,17,2,3,No,10,5,Yes
51,18292,10,4,4,No,10,4,Yes
39,76311,36,3,2,No,2,5,Yes
52,74160,19,3,2,Yes,5,3,No
45,22578,32,2,2,Yes,0,1,Yes
54,24673,21,1,2,No,7,0,Yes
36,72494,10,1,3,Yes,1,0,Yes
43,71742,35,4,2,No,6,2,No
37,28509,17,1,1,Yes,5,4,Yes
34,28541,6,1,2,No,2,1,No
23,68851,9,1,2,No,9,4,Yes
57,22114,31,1,2,No,6,5,Yes
31,19029,17,2,3,No,7,4,No
51,70297,33,1,4,No,7,2,No
58,53245,10,1,4,No,6,4,No
47,23080,26,1,1,Yes,0,3,Yes
59,37727,18,4,3,Yes,5,4,Yes
44,43773,38,1,4,Yes,5,6,No
51,47494,10,2,2,No,7,1,No
32,24561,18,2,1,Yes,2,4,No
37,41175,2,3,1,No,1,6,No
24,26400,40,2,3,No,9,0,No
55,31404,35,2,1,No,10,4,No
48,23513,18,2,4,Yes,10,0,Yes
57,22791,29,3,2,No,4,6,No
36,62324,31,3,1,No,5,5,No
22,71179,17,4,4,No,3,5,No
36,42666,19,3,3,Yes,9,1,No
59,74096,10,4,2,No,5,0,No
48,23764,28,2,3,No,8,2,No
55,79367,32,2,1,Yes,8,4,Yes
28,52173,37,3,2,No,0,2,Yes
52,55123,37,3,1,Yes,4,2,Yes
33,67502,21,2,2,No,5,4,Yes
40,35838,27,1,4,Yes,1,6,Yes
26,34203,12,4,4,Yes,5,4,No
45,64237,14,3,2,Yes,6,5,Yes
56,69144,28,4,4,Yes,0,6,No
52,21115,8,2,3,No,4,2,Yes
22,24174,38,1,3,No,7,4,No
27,16733,0,3,1,Yes,6,0,No
22,30052,20,3,3,Yes,10,3,No
49,27991,1,3,3,Yes,2,1,Yes
28,45218,28,3,4,No,0,4,No
44,57318,27,2,3,Yes,2,5,Yes
44,24767,13,1,4,Yes,8,2,Yes
45,75776,37,1,4,No,1,6,Yes
25,24772,28,1,4,No,4,0,Yes
34,18860,20,3,3,No,6,4,Yes
51,17342,26,2,3,Yes,5,3,No
47,54412,12,3,3,No,4,0,No
53,72160,26,3,2,Yes,1,1,No
55,42522,25,4,4,No,0,4,Yes
20,18079,35,4,4,Yes,6,6,No
22,32382,21,2,4,Yes,8,6,Yes
55,59690,10,4,4,No,10,5,No
56,58430,4,4,1,No,0,6,No
25,60293,20,4,3,No,5,0,No
43,71139,18,4,4,Yes,0,0,Yes
28,54588,36,1,2,Yes,8,6,No
20,29087,10,1,2,Yes,7,4,No
25,24731,39,3,2,No,3,0,Yes
47,75581,4,1,1,Yes,9,6,Yes
25,65943,7,4,1,Yes,1,6,No
54,77496,40,1,3,No,5,3,No
31,66516,6,4,3,No,0,3,No
24,34875,13,4,1,Yes,7,3,Yes
39,42427,40,4,4,Yes,5,5,No
37,57267,11,4,4,Yes,8,3,Yes
41,25657,24,2,3,Yes,9,4,Yes
55,21978,26,4,1,Yes,3,5,Yes
47,59047,13,2,4,No,9,2,No
59,35292,8,2,4,Yes,4,6,Yes
27,67789,34,2,3,No,2,3,Yes
33,18141,34,2,4,No,9,1,No
28,16135,31,3,3,No,3,3,Yes
25,56003,3,2,3,Yes,3,5,No
60,49394,8,4,1,Yes,5,0,No
28,68494,28,3,2,Yes,3,6,No
40,38358,8,1,2,No,2,4,No
52,20274,25,2,1,Yes,7,6,Yes
28,42705,3,1,4,Yes,5,6,No
21,50495,17,3,4,Yes,3,4,No
29,39193,16,2,3,No,1,0,No
51,34762,4,1,4,Yes,0,2,No
34,65543,26,3,2,Yes,2,5,Yes
43,64206,33,1,3,No,5,0,No
30,55378,18,1,3,Yes,6,0,Yes
58,79985,15,4,2,No,8,2,No
50,64301,24,2,3,Yes,1,2,Yes
40,52219,7,1,3,Yes,3,0,No
26,63180,27,4,2,Yes,3,5,No
52,45295,35,1,3,Yes,0,1,Yes
29,71675,12,2,3,Yes,6,5,Yes
24,77990,35,2,1,Yes,4,6,Yes
58,62870,33,2,2,No,6,4,No
39,78066,26,2,4,No,6,4,Yes
27,40081,25,3,1,Yes,10,1,No
56,34680,17,3,4,Yes,2,3,No
44,71201,35,4,4,No,6,6,Yes
28,41193,15,4,1,No,4,6,Yes
21,44127,8,3,4,Yes,2,6,Yes
40,50723,7,4,2,Yes,7,5,No
24,45250,22,2,3,Yes,5,2,Yes
28,55078,6,4,4,No,5,5,No
50,36504,27,3,3,No,4,6,Yes
56,48187,9,1,4,Yes,3,4,No
34,43805,33,3,4,Yes,2,4,Yes
23,16352,17,1,2,No,3,3,Yes
33,52735,7,3,4,Yes,3,5,No
38,73417,19,4,2,No,8,5,Yes
27,45209,26,4,2,No,2,1,Yes
45,55074,37,4,2,No,8,3,No
48,30138,6,3,2,Yes,0,4,Yes
26,62506,19,4,3,No,5,5,No
58,73881,32,3,3,No,1,4,No
31,56171,22,4,3,Yes,7,0,No
37,36639,5,3,2,No,10,5,No
44,43742,0,4,1,Yes,5,1,No
24,55555,19,2,1,No,6,2,No
31,45878,11,3,2,No,2,5,Yes
59,55411,9,1,2,No,7,0,No
36,67117,4,1,2,Yes,10,0,No
49,18889,8,3,4,Yes,3,6,Yes
29,20639,12,4,1,No,10,5,Yes
37,31615,6,2,1,Yes,5,1,Yes
34,75551,3,2,4,No,7,1,Yes
52,50956,36,4,4,Yes,2,0,Yes
53,22882,2,3,2,Yes,10,2,No
57,34981,16,3,4,No,8,6,No
20,25852,11,1,1,Yes,5,3,Yes
54,79038,25,4,1,Yes,6,4,Yes
23,17779,27,1,3,No,8,3,Yes
48,38824,31,1,3,Yes,9,4,No
58,46822,0,3,2,No,0,5,No
33,37674,16,3,3,No,5,2,No
58,53008,5,2,2,No,7,5,Yes
27,24453,12,1,1,No,2,3,No
43,29031,16,4,1,No,5,4,Yes
40,27181,13,4,3,Yes,4,5,No
38,32669,35,2,2,No,6,6,No
20,40459,18,2,4,No,4,6,Yes
45,31119,30,4,1,Yes,5,3,Yes
22,57416,37,3,2,Yes,1,0,Yes
60,30880,18,4,1,Yes,0,0,Yes
31,22298,19,3,3,Yes,1,1,Yes
46,68580,11,2,3,No,9,6,No
28,27125,10,2,3,Yes,10,6,No
49,65672,38,4,1,No,3,5,Yes
25,36598,23,2,4,Yes,2,5,No
25,38352,39,1,2,No,9,3,No
36,18335,27,2,2,No,6,3,No
56,69994,26,1,3,Yes,3,1,No
40,67303,0,1,1,Yes,3,3,No
38,17022,17,4,1,No,3,1,No
31,58773,27,3,1,No,2,6,No
52,75556,21,4,1,No,0,2,No
42,70302,7,1,4,No,9,5,Yes
43,66655,1,4,1,No,7,2,No
24,79272,27,2,2,No,4,3,Yes
29,29821,31,2,3,Yes,9,6,No
28,25587,1,1,3,No,8,3,Yes
55,57979,26,4,1,Yes,9,6,Yes
46,41040,4,1,3,No,10,1,Yes
48,59501,7,1,2,Yes,9,6,Yes
27,67196,15,2,3,No,1,5,No
54,57520,12,1,4,No,5,5,Yes
27,50784,18,3,1,Yes,6,5,Yes
31,67707,21,3,3,No,8,2,No
39,22706,12,2,1,Yes,4,1,No
60,44106,3,3,4,Yes,3,4,Yes
27,79755,1,2,1,Yes,10,0,No
57,66262,37,3,2,No,0,3,No
22,46711,35,3,3,No,4,1,No
24,44028,30,4,3,Yes,3,4,Yes
29,25132,10,1,4,No,6,6,No
20,75583,9,3,2,Yes,1,5,No
49,37153,2,2,3,No,10,1,No
47,33874,2,3,2,Yes,6,2,Yes
42,67547,28,1,2,Yes,9,4,No
56,18541,4,3,4,No,5,2,Yes
39,49731,32,2,4,Yes,3,1,No
37,39001,8,4,1,No,0,3,No
51,38799,25,4,1,Yes,2,4,No
40,45440,10,4,2,No,6,5,No
31,16320,25,1,2,Yes,10,1,No
47,38273,37,3,2,Yes,1,5,No
28,46443,2,1,1,Yes,8,1,Yes
42,49962,11,2,1,Yes,1,0,No
34,66727,2,4,2,Yes,1,0,Yes
25,39981,1,1,3,Yes,7,3,No
41,72165,3,4,3,No,4,6,No
50,64144,28,4,2,No,0,1,No
39,30766,12,4,4,Yes,0,1,No
38,38858,3,4,3,Yes,7,2,Yes
57,41749,32,4,1,Yes,8,5,Yes
60,19937,36,2,2,Yes,4,0,Yes
31,70950,23,4,3,No,2,1,Yes
37,41972,36,3,1,Yes,3,3,No
25,55534,4,1,1,Yes,0,0,Yes
56,23653,7,2,3,No,10,5,Yes
23,58587,35,4,1,No,6,1,Yes
24,71769,26,4,4,No,4,5,Yes
50,62786,34,3,1,No,9,4,Yes
33,67637,7,4,2,Yes,5,1,No
30,44454,32,2,3,Yes,1,4,No
50,25371,23,4,3,Yes,5,2,No
48,58672,21,3,3,No,9,1,Yes
47,21640,19,4,1,Yes,5,5,Yes
53,51316,36,4,3,Yes,4,4,No
30,33059,39,1,2,No,0,2,Yes
32,37080,23,2,1,No,1,1,Yes
37,46151,9,2,1,No,6,5,No
35,20497,32,1,1,Yes,9,0,No
55,51392,0,4,2,No,6,3,No
50,46807,10,4,3,No,6,5,No
37,61603,1,2,2,Yes,7,5,No
47,21350,26,3,2,No,3,2,No
45,49535,36,4,2,No,3,5,Yes
51,55408,26,1,2,No,10,4,No
60,39278,22,3,1,Yes,3,3,No
41,28591,38,1,2,No,9,6,No
24,62940,18,1,1,Yes,7,4,Yes
26,51088,34,1,4,No,1,4,Yes
57,41709,6,2,1,Yes,2,0,No
28,44881,23,3,2,No,10,6,No
54,71856,29,1,3,Yes,4,1,No
31,76000,37,1,2,No,0,4,Yes
24,15767,1,2,2,Yes,6,5,Yes
30,54491,13,4,4,No,0,6,Yes
23,16580,14,4,3,No,5,1,No
50,32481,17,2,3,No,1,2,Yes
48,16220,18,2,2,No,1,6,Yes
42,58837,0,4,2,No,0,2,No
47,79222,5,3,4,Yes,9,4,No
40,71505,4,3,3,No,10,5,Yes
36,67497,34,1,3,Yes,5,5,No
21,37365,31,1,4,No,9,0,Yes
42,37482,0,4,2,Yes,8,0,Yes
23,17694,18,4,4,Yes,9,6,No
23,28637,21,2,1,No,0,4,No
20,22524,39,4,4,Yes,9,3,No
45,69988,30,1,3,No,5,0,Yes
46,30272,31,2,4,Yes,10,6,No
30,43050,11,2,4,Yes,5,6,No
60,32198,14,3,2,Yes,10,2,Yes
41,31637,0,4,4,No,6,1,No
25,64051,28,3,1,No,5,2,Yes
37,52471,25,1,2,No,7,6,No
59,71496,12,2,4,No,8,2,Yes
48,68768,25,3,4,No,4,2,No
42,64023,4,4,4,Yes,1,5,Yes
54,52196,40,4,4,Yes,8,5,Yes
35,34934,39,4,2,No,3,0,No
28,54171,3,1,1,Yes,7,0,No
55,66587,22,4,3,No,2,4,Yes
26,33522,25,2,2,No,7,1,Yes
59,31555,21,4,1,No,2,4,No
31,59690,10,1,2,Yes,8,2,Yes
47,57554,34,4,2,Yes,10,5,Yes
44,51456,3,1,3,No,4,0,Yes
43,20040,10,4,3,Yes,7,2,No
24,67409,26,4,1,No,8,3,Yes
21,56138,5,2,2,No,0,4,Yes
47,30375,35,3,2,No,3,2,Yes
28,25026,8,3,1,Yes,5,2,No
33,54062,1,3,4,No,5,0,Yes
34,30771,2,2,2,No,10,1,Yes
22,58679,30,2,4,No,0,0,Yes
24,61790,32,3,4,Yes,9,0,No
43,68218,14,2,3,No,10,6,No
33,65180,25,2,4,No,6,1,Yes
32,17884,20,2,2,No,6,4,Yes
56,22330,21,4,4,Yes,9,0,No
28,27765,2,1,1,No,0,0,No
51,46741,4,1,3,Yes,8,1,No
60,64857,2,3,4,No,3,2,No
53,33674,4,2,1,No,10,6,No
35,43183,10,4,1,No,5,0,No
36,15780,30,1,3,Yes,8,3,No
60,48562,34,3,1,No,3,0,Yes
24,70260,17,1,3,No,2,4,No
20,43261,40,2,1,Yes,4,3,Yes
38,27593,8,2,4,Yes,2,5,No
48,25419,21,3,4,Yes,0,0,No
31,41443,9,1,1,Yes,7,3,No
37,44200,1,3,4,No,1,2,Yes
44,59024,39,3,2,No,8,1,No
33,30065,6,3,1,Yes,10,2,Yes
33,68473,9,4,3,No,3,1,Yes
55,28072,37,2,4,Yes,7,4,No
39,74885,23,1,3,Yes,5,3,No
47,17577,9,1,4,Yes,2,1,Yes
57,73021,26,4,3,No,6,6,No
22,64408,12,3,1,No,1,5,Yes
39,77338,12,4,3,Yes,0,6,Yes
28,37014,6,3,3,No,2,4,Yes
32,28938,5,1,1,Yes,4,0,Yes
60,66118,3,3,4,Yes,8,2,Yes
48,27352,29,4,1,No,5,1,No
30,48255,13,4,4,No,10,5,No
45,15362,15,2,1,Yes,0,0,No
22,40426,5,3,4,Yes,2,5,No
48,75990,11,2,1,Yes,5,3,No
35,69366,10,4,4,No,3,6,Yes
26,45813,1,3,3,No,6,6,Yes
20,75689,16,1,3,Yes,6,6,Yes
30,52050,37,3,3,Yes,0,0,Yes
41,76011,21,1,4,Yes,5,6,Yes
40,47499,2,3,4,Yes,2,1,Yes
24,50706,14,1,4,No,7,4,Yes
25,56704,31,4,3,Yes,3,4,No
57,51805,13,3,1,No,10,2,No
47,26042,1,1,1,Yes,3,2,Yes
46,28714,19,4,3,No,4,1,Yes
49,16320,9,2,1,No,3,5,Yes
59,23764,11,4,2,Yes,4,4,No
57,78927,13,1,4,Yes,8,1,No
24,58432,6,1,2,Yes,1,3,No
25,38402,1,3,1,Yes,4,3,No
39,53638,31,1,2,Yes,0,4,Yes
21,23068,33,4,3,Yes,7,1,Yes
54,33871,37,4,3,Yes,1,2,Yes
43,78121,20,4,2,Yes,1,2,Yes
28,34898,33,2,1,No,8,2,No
50,35820,11,3,4,Yes,6,5,Yes
60,25172,34,2,1,No,3,5,Yes
58,57778,37,4,1,No,9,6,Yes
38,68332,22,1,2,Yes,7,1,Yes
32,57719,9,2,2,No,0,2,No
39,23714,33,3,1,Yes,0,1,No
55,55508,0,2,2,Yes,9,4,No
34,74966,5,2,4,No,0,0,Yes
26,45605,33,1,3,Yes,4,4,No
39,59955,15,2,1,Yes,5,4,Yes
35,46663,8,3,2,Yes,1,2,No
24,35668,40,4,3,Yes,5,3,Yes
21,67226,37,4,4,No,8,3,No
48,32749,33,2,4,Yes,0,1,Yes
50,51569,27,4,3,No,3,4,No
26,27192,23,4,3,No,7,1,No
40,32823,17,3,1,No,3,0,No
29,25433,31,3,4,Yes,10,1,Yes
32,44987,3,2,2,Yes,4,3,Yes
55,40914,17,2,2,No,5,4,No
25,66613,2,4,2,No,4,1,Yes
38,38389,9,2,2,No,1,0,Yes
29,34451,2,4,2,Yes,5,3,No
44,45083,4,2,1,Yes,0,4,No
43,37641,23,1,1,No,9,3,Yes
24,34062,12,3,3,No,3,2,No
50,36065,6,1,3,Yes,10,0,No
22,40398,14,4,2,Yes,10,0,Yes
48,52997,24,1,2,Yes,2,6,Yes
51,59079,12,1,1,No,10,0,Yes
59,53659,32,4,2,Yes,6,0,No
35,38177,24,4,1,No,4,4,No
46,41313,25,3,1,Yes,2,1,No
23,66026,12,3,3,No,3,4,Yes
35,74136,27,4,2,Yes,7,5,Yes
43,32863,24,4,1,Yes,10,5,Yes
27,61924,15,4,2,Yes,1,2,No
30,39816,19,4,4,No,7,6,No
50,50080,34,1,4,Yes,9,4,Yes
24,22561,39,4,3,No,6,1,Yes
20,31711,12,1,1,Yes,0,4,No
46,55535,40,2,1,No,4,5,Yes
59,67587,23,3,2,No,7,4,No
51,58024,14,3,2,Yes,5,1,Yes
25,58593,17,2,3,Yes,7,6,Yes
49,66251,6,3,4,Yes,0,4,No
46,40235,26,3,1,Yes,7,2,Yes
47,60928,12,4,3,Yes,3,2,No
30,76716,20,4,3,Yes,0,5,No
24,25139,23,1,3,Yes,1,0,Yes
33,58044,9,1,1,Yes,3,0,Yes
42,60860,22,1,4,Yes,8,2,Yes
45,49658,10,3,4,No,7,1,No
49,46662,8,1,1,Yes,7,3,Yes
56,44933,11,3,1,Yes,1,5,No
54,16814,9,1,3,No,7,3,Yes
36,63116,24,2,1,Yes,6,2,Yes
29,18437,1,3,3,No,5,4,No
30,71340,17,3,2,Yes,9,1,Yes
55,16135,18,2,1,Yes,10,6,No
39,79156,36,4,1,No,6,5,Yes
55,67212,8,1,3,Yes,8,5,No
48,64608,26,4,3,No,3,3,No
44,31863,2,1,1,No,4,1,Yes
29,19026,28,3,4,Yes,2,6,No
45,79906,16,3,1,Yes,6,4,Yes
24,59123,28,2,2,No,1,3,No
39,38987,1,4,4,Yes,0,3,No
55,78134,31,4,4,Yes,8,1,Yes
42,31814,18,2,2,No,6,2,Yes
40,18381,4,1,3,No,1,1,No
52,69287,8,1,3,No,1,0,No
40,66543,17,3,2,Yes,6,3,No
43,43799,38,1,2,No,10,2,No
49,31524,7,4,3,Yes,6,4,Yes
35,19706,10,1,2,Yes,10,5,No
58,34185,23,1,2,No,2,3,Yes
42,71372,10,4,1,No,5,1,No
25,67914,12,2,3,Yes,3,3,No
36,71348,21,2,4,Yes,8,4,No
32,29221,14,1,2,No,6,1,No
30,61012,22,1,4,No,4,0,No
60,56055,2,2,4,Yes,9,4,No
52,48337,17,1,2,No,8,0,Yes
43,64468,8,4,1,No,9,3,No
26,20456,20,4,3,Yes,1,6,Yes
26,79013,7,4,1,Yes,4,3,Yes
41,61819,7,3,1,Yes,2,1,Yes
29,19350,12,2,1,No,2,2,Yes
34,17284,0,4,4,Yes,5,1,No
60,70425,23,3,1,Yes,7,6,Yes
53,75914,36,3,2,No,3,1,Yes
47,17582,34,3,3,No,8,4,Yes
47,63460,6,2,3,No,3,2,Yes
40,72937,10,4,1,Yes,9,4,No
50,23024,3,1,2,Yes,6,0,No
43,32322,18,1,1,Yes,2,1,Yes
48,66454,17,3,3,No,9,6,Yes
58,32143,27,2,3,Yes,1,2,No
58,57261,30,2,1,Yes,1,6,No
52,18653,27,2,2,No,8,3,No
21,18031,0,2,4,No,5,0,No
48,75272,14,3,4,No,0,0,Yes
30,54425,15,2,2,Yes,8,6,Yes
27,34493,31,2,4,Yes,4,3,No
29,33301,3,4,4,No,10,3,No
53,47372,1,2,2,No,6,1,Yes
22,25391,11,1,3,Yes,0,3,No
21,78480,21,4,3,No,9,6,No
35,53481,30,1,1,Yes,8,0,Yes
32,43756,18,4,3,No,2,4,No
26,64650,24,2,2,Yes,2,5,No
31,20570,8,2,3,No,10,2,No
54,59246,29,4,1,No,1,0,Yes
49,76704,23,3,2,No,8,2,Yes
31,21511,6,2,4,No,9,1,Yes
21,54120,3,2,2,No,3,4,Yes
57,49153,40,2,3,Yes,9,0,Yes
31,52272,17,2,3,No,4,0,Yes
47,57702,34,1,2,Yes,5,2,No
21,33434,31,2,4,No,6,1,Yes
58,19814,24,4,2,No,7,6,Yes
24,24912,25,3,4,Yes,4,0,No
24,56899,7,2,2,No,8,3,No
56,37104,31,4,3,No,7,5,Yes
30,54022,17,2,4,Yes,8,4,Yes
52,25951,33,4,1,No,6,3,No
31,38336,30,2,1,No,8,2,No
36,34999,30,2,1,No,5,1,No
41,59233,6,3,1,Yes,7,1,No
38,17854,23,2,3,Yes,7,0,Yes
30,33196,36,1,1,Yes,8,3,No
20,70619,32,2,4,No,0,0,No
30,58907,36,4,3,Yes,9,3,Yes
34,63000,11,2,4,Yes,3,6,No
45,24644,19,1,1,Yes,2,6,No
35,46167,22,3,1,Yes,3,1,No
32,68282,9,4,2,No,7,1,No
49,73877,34,4,4,Yes,0,2,Yes
37,59411,38,3,2,Yes,1,5,No
43,55474,17,3,3,No,8,0,No
36,75886,19,3,1,Yes,2,3,No
49,55007,2,2,4,No,7,4,No
43,41959,26,4,1,No,8,4,No
25,70386,7,1,4,No,8,2,Yes
24,27297,26,1,3,Yes,3,4,No
27,17793,21,1,1,Yes,1,3,Yes
38,58191,1,3,2,No,6,3,No
20,38557,27,1,1,Yes,2,4,No
25,46135,8,3,3,Yes,3,3,Yes
26,58133,24,3,3,No,3,2,Yes
47,79088,18,1,2,No,5,1,Yes
60,66710,37,3,1,Yes,9,0,Yes
35,66603,33,2,4,Yes,9,1,No
41,16867,4,4,1,No,8,2,Yes
24,66682,22,2,3,No,4,4,No
57,74473,16,3,4,No,1,0,Yes
57,43866,34,2,4,Yes,9,6,Yes
25,24810,39,4,4,No,5,6,Yes
59,55399,11,1,4,Yes,7,0,No
21,20074,40,1,3,No,4,2,Yes
48,52649,9,2,3,No,5,4,Yes
48,53124,12,4,3,Yes,10,0,Yes
37,66029,38,4,3,No,0,0,Yes
27,26038,36,1,4,No,8,4,No
31,37629,7,3,3,No,7,0,No
54,59969,37,4,4,Yes,1,4,No
26,18272,20,1,4,Yes,3,2,Yes
55,71460,38,2,4,Yes,7,5,No
32,73650,24,4,4,Yes,3,2,Yes
46,40324,4,1,4,No,1,1,No
23,59591,31,2,3,Yes,1,5,Yes
52,24068,40,3,4,Yes,10,5,Yes
25,31391,39,2,4,No,2,3,No
38,30429,18,3,4,No,4,0,Yes
41,67622,25,4,2,Yes,2,4,Yes
53,43606,10,3,2,Yes,2,0,Yes
23,41840,1,1,1,Yes,10,2,No
31,41782,37,4,1,No,5,6,Yes
32,30790,7,2,4,Yes,5,0,Yes
30,76852,17,3,4,Yes,8,6,No
21,61655,39,4,1,Yes,5,5,Yes
44,35805,12,4,2,Yes,1,1,Yes
38,73594,38,4,2,Yes,0,0,No
35,74815,12,1,3,Yes,6,0,Yes
33,32928,20,3,2,Yes,9,6,No
28,18097,18,4,1,Yes,4,1,Yes
38,72946,25,2,3,No,9,5,No
50,64337,17,3,2,Yes,0,6,Yes
43,20564,11,4,2,Yes,3,1,Yes
21,20187,18,4,3,No,10,2,No
34,60317,28,1,2,Yes,7,5,Yes
49,60585,8,4,3,No,0,0,No
31,71424,5,1,2,No,7,1,Yes
40,47861,18,2,1,Yes,7,5,No
22,32693,39,4,1,No,1,5,Yes
32,72937,27,4,2,Yes,0,0,No
35,79823,11,4,3,Yes,2,6,Yes
29,15987,13,4,4,No,6,0,Yes
43,59164,6,3,3,Yes,6,0,No
48,61429,12,4,2,Yes,5,2,No
30,46353,21,3,1,No,6,1,Yes
50,32940,31,2,1,No,0,3,No
44,34197,37,4,1,No,8,2,Yes
43,26288,27,1,1,Yes,6,6,Yes
36,51342,23,2,3,Yes,6,6,Yes
46,20852,9,1,2,Yes,3,6,No
32,61365,20,1,1,Yes,9,0,Yes
41,15136,21,4,3,Yes,9,3,Yes
49,66344,9,3,4,No,2,4,No
27,44222,40,2,4,Yes,6,6,No
53,29072,32,1,1,Yes,10,4,Yes
28,69962,15,4,1,No,2,5,No
58,57189,33,2,1,No,1,6,No
59,21476,0,2,2,Yes,9,4,No
41,58807,36,2,3,Yes,3,2,Yes
43,42373,12,4,3,Yes,9,6,No
23,53952,39,4,3,Yes,6,6,No
56,71717,37,4,1,No,0,6,Yes
41,24950,35,4,2,No,8,3,No
30,60895,9,3,4,No,7,6,Yes
40,19118,27,2,4,No,7,5,No
26,25962,8,4,4,No,0,4,No
26,24955,20,2,1,No,9,3,Yes
29,74768,38,2,3,No,7,2,Yes
46,75141,21,1,4,No,1,6,Yes
24,77670,33,3,1,No,1,6,Yes
36,54347,17,4,3,No,5,5,Yes
36,76665,32,1,1,No,4,1,Yes
47,78623,37,1,2,Yes,7,5,No
21,17749,29,1,4,Yes,1,6,Yes
27,70150,22,3,3,Yes,5,2,Yes
24,76008,38,3,1,No,4,0,No
37,43927,7,3,3,Yes,2,3,No
49,15352,17,2,3,No,8,1,No
44,71917,35,2,1,No,3,3,No
45,24477,39,3,3,No,7,0,Yes
28,78530,35,2,2,Yes,10,3,Yes
31,53475,39,4,3,No,10,4,Yes
52,56176,36,4,2,Yes,9,3,Yes
21,66958,29,3,4,Yes,5,5,No
57,26915,30,1,3,No,2,6,Yes
21,73456,20,1,2,Yes,10,1,Yes
44,35033,30,3,2,Yes,0,4,Yes
26,71082,17,4,3,No,2,1,Yes
25,50912,22,1,4,No,3,5,Yes
49,50675,12,1,3,Yes,4,3,No
30,30742,22,1,4,Yes,4,6,Yes
49,44636,34,4,1,Yes,6,4,No
51,33186,2,4,2,Yes,6,0,No
34,18915,27,4,2,Yes,1,0,No
51,15222,40,3,1,No,6,6,Yes
29,58963,36,2,2,Yes,0,1,Yes
29,15006,31,3,3,Yes,10,2,No
25,30963,29,2,4,No,6,0,No
32,44422,8,3,2,Yes,10,2,Yes
55,66135,38,2,2,No,2,4,Yes
31,61013,7,2,2,Yes,6,3,No
25,61014,1,1,3,Yes,1,3,No
36,23456,23,3,3,Yes,6,4,Yes
41,15335,33,1,3,No,4,1,No
20,41895,34,1,1,No,0,4,Yes
44,17115,25,1,1,No,3,6,Yes
51,29344,5,3,4,No,7,5,Yes
41,18424,28,1,1,No,3,6,Yes
43,55275,12,3,3,Yes,2,1,No
25,35995,5,3,2,Yes,7,1,Yes
22,41214,18,3,2,No,6,3,Yes
38,74415,12,3,4,No,3,6,No
60,34201,0,3,1,No,4,0,No
36,54562,23,1,3,No,0,0,Yes
22,70475,1,2,4,No,9,6,Yes
49,59292,37,3,2,Yes,4,6,No
48,61203,18,2,2,No,10,4,No
42,79124,7,2,3,Yes,4,2,Yes
46,33293,21,4,3,Yes,0,5,Yes
41,47617,17,3,1,No,9,3,Yes
23,45904,12,2,3,Yes,3,6,No
41,70058,28,3,4,Yes,9,5,Yes
42,50147,16,3,1,No,0,2,Yes
59,77894,11,1,3,No,1,6,No
42,53964,19,2,1,No,8,2,No
27,53423,37,3,4,No,2,3,No
56,71160,25,2,1,No,0,6,No
31,64820,20,4,4,Yes,9,5,No
48,57896,34,4,1,No,3,0,Yes
30,22295,36,4,4,No,4,0,Yes
41,42194,36,3,3,No,5,0,Yes
28,19210,9,3,3,No,4,6,No
31,59031,16,1,3,No,4,6,Yes
52,23422,21,4,2,Yes,3,0,No
52,54581,5,1,3,No,6,2,No
27,24858,30,2,3,No,9,0,No
48,30099,15,4,4,Yes,7,6,No
33,69293,5,3,2,No,8,0,No
40,44959,29,3,2,No,1,0,Yes
59,74411,12,2,2,No,5,4,Yes
27,65362,36,4,4,Yes,2,6,No
41,71452,2,4,4,No,4,6,Yes
44,72913,31,1,4,Yes,9,5,No
60,34411,24,2,4,No,0,5,No
60,17692,23,2,3,Yes,4,5,No
39,23853,31,3,2,Yes,7,4,Yes
42,48058,26,3,2,Yes,4,3,Yes
48,45186,37,1,2,No,9,0,Yes
20,54236,20,1,3,Yes,0,5,No
46,47261,12,4,3,Yes,9,5,No
50,54032,21,2,4,Yes,4,6,Yes
39,26185,38,1,2,Yes,4,1,Yes
50,20470,12,3,1,No,3,2,No
31,59658,9,1,2,Yes,2,3,Yes
43,72493,0,1,1,No,1,2,Yes
54,56856,24,3,2,No,8,4,Yes
39,16320,39,4,1,No,2,2,Yes
57,53435,36,3,4,Yes,7,2,Yes
24,24638,36,4,2,No,9,6,No
56,75294,10,2,3,No,6,1,No
37,21751,34,1,4,Yes,10,5,No
34,34846,37,4,2,No,1,5,Yes
38,47640,17,2,1,No,9,1,Yes
33,22255,12,4,1,Yes,7,6,Yes
30,15299,19,1,2,No,3,1,Yes
26,49623,10,3,3,No,1,2,Yes
55,78732,40,4,2,Yes,7,1,Yes
20,52132,28,3,4,No,4,6,Yes
48,71950,30,4,2,Yes,1,4,No
60,64944,12,4,4,Yes,7,2,No
52,79369,33,3,1,No,4,0,Yes
20,28474,33,2,4,No,0,5,No
29,77419,18,1,2,Yes,10,5,Yes
44,75193,1,2,3,No,0,5,Yes
33,22570,13,1,2,Yes,10,3,No
58,56996,22,3,4,No,2,6,No
29,37183,39,2,4,No,3,3,No
21,44300,1,1,1,No,5,2,Yes
27,59683,24,1,4,No,5,0,No
47,72319,22,2,2,No,9,5,Yes
42,75289,40,1,3,No,7,0,Yes
57,58153,18,1,2,No,8,6,Yes
49,51680,30,2,1,No,10,0,No
60,43306,17,1,3,No,7,3,No
45,46975,14,1,3,Yes,5,1,No
44,43696,31,3,3,No,9,1,Yes
34,39643,5,3,4,No,2,3,Yes
29,46397,13,4,4,No,4,0,Yes
21,78655,10,2,3,Yes,5,2,Yes
44,27676,39,3,4,No,7,6,Yes
27,57408,39,2,4,Yes,2,5,Yes
60,31918,32,2,4,No,6,3,Yes
25,20519,30,2,2,Yes,0,1,No
51,67351,30,2,2,No,0,2,Yes
45,31699,25,4,3,No,0,1,Yes
46,58509,13,1,4,No,10,3,No
47,33724,3,4,4,No,9,4,Yes
50,41291,30,4,1,Yes,3,1,Yes
57,48857,35,4,2,Yes,2,0,No
35,25536,15,4,4,Yes,10,1,No
52,34956,4,1,4,No,0,3,Yes
37,75364,7,3,1,No,9,3,No
41,46455,38,3,4,Yes,1,6,Yes
22,47771,6,4,4,Yes,9,5,No
38,27671,9,2,3,Yes,3,3,Yes
60,73058,23,4,4,No,4,1,No
28,69207,19,3,4,Yes,7,3,No
32,55514,23,3,1,Yes,6,4,Yes
33,52097,38,4,2,No,6,1,Yes
25,52557,40,3,1,No,5,4,Yes
55,46791,2,4,2,No,5,1,Yes
46,23157,3,4,4,Yes,9,1,No
23,58239,4,2,4,Yes,0,4,Yes
23,33249,12,2,3,No,3,4,Yes
52,32405,0,3,1,No,8,6,No
29,18840,39,3,2,Yes,2,3,Yes
47,40725,19,4,3,No,4,6,Yes
53,64722,4,4,2,No,4,6,No
30,53863,13,1,3,No,5,6,No
51,29510,21,4,4,Yes,3,1,Yes
46,21268,13,1,4,No,2,3,Yes
52,19278,14,3,3,No,0,5,No
50,75654,34,4,1,Yes,10,4,No
22,58551,8,3,4,Yes,10,5,Yes
40,79762,22,3,4,Yes,9,0,No
49,43089,17,4,1,No,7,0,Yes
49,71573,20,2,1,No,5,6,No
39,55060,27,3,2,No,10,4,Yes
25,60682,22,1,3,Yes,9,5,No
58,50581,27,2,3,Yes,2,4,No
45,37204,38,1,2,Yes,9,0,Yes
30,48114,18,1,2,No,9,6,Yes
23,51494,15,1,1,No,10,3,Yes
20,33579,25,2,2,Yes,4,1,No
20,66474,0,3,3,Yes,10,1,No
55,79797,10,3,1,No,9,2,No
57,43753,24,1,1,Yes,1,3,Yes
55,39534,27,1,1,No,6,3,No
24,26757,4,3,2,No,8,4,Yes
43,73979,37,2,2,Yes,1,4,No
38,19776,15,3,1,Yes,1,0,Yes
45,33348,5,1,3,No,2,1,Yes
51,32420,14,2,2,No,6,5,Yes
51,23188,11,1,1,Yes,0,4,Yes
41,33701,33,1,3,No,6,0,Yes
44,55066,37,4,3,Yes,9,2,Yes
39,51642,10,3,2,No,5,2,Yes
37,33228,39,3,4,No,4,5,No
40,43267,33,4,2,Yes,1,2,No
45,48537,26,3,3,No,1,0,Yes
33,40144,40,3,1,No,7,4,No
28,43455,6,3,2,Yes,3,4,Yes
40,55506,20,4,1,No,6,6,No
32,25368,34,3,1,Yes,3,4,No
58,37166,13,4,3,Yes,4,6,Yes
52,19573,15,2,2,Yes,4,6,No
56,74366,39,2,2,No,9,1,Yes
22,36488,19,2,2,No,0,5,Yes
47,66739,7,1,3,Yes,10,1,No
22,67024,1,1,3,No,3,5,Yes
25,25792,20,2,1,No,5,1,No
40,77091,8,3,2,Yes,6,5,Yes
55,33323,5,2,1,No,6,3,Yes
22,51505,38,3,2,Yes,8,3,Yes
60,38438,36,3,2,No,4,4,No
36,49745,8,3,2,Yes,10,1,Yes
46,20886,24,2,4,Yes,2,4,Yes
60,31457,32,2,3,Yes,1,5,Yes
49,74492,35,2,1,No,2,6,Yes
58,63795,11,4,2,Yes,2,5,Yes
21,69383,21,1,4,No,10,6,No
50,62602,13,1,3,Yes,4,5,No
24,61418,22,3,4,No,2,6,Yes
57,39521,40,3,1,No,4,5,No
33,65544,14,3,4,Yes,8,6,No
36,18984,9,2,4,No,6,6,Yes
25,65449,9,1,1,No,3,1,Yes
44,27420,10,4,3,No,2,4,Yes
23,19636,31,3,2,No,7,2,Yes
53,49429,4,1,4,No,9,0,Yes
46,27778,15,4,1,No,10,3,Yes
44,60039,6,3,1,Yes,6,2,Yes
40,16323,30,4,3,No,1,5,Yes
51,64549,28,1,1,No,8,6,Yes
58,16180,0,4,3,Yes,8,0,No
33,16615,6,2,2,No,6,4,Yes
54,76040,19,3,4,No,5,0,No
47,73956,15,1,2,Yes,1,6,Yes
30,73597,4,4,1,Yes,3,4,Yes
42,51274,2,3,1,No,7,5,Yes
25,21892,35,2,2,No,7,3,No
53,28010,14,4,2,No,3,4,No
45,31363,38,3,1,Yes,6,5,Yes
20,50094,39,2,1,No,8,2,Yes
33,58964,10,2,1,Yes,0,6,Yes
23,43338,1,1,3,Yes,5,2,Yes
46,39048,31,3,4,Yes,6,6,Yes
27,49036,21,4,1,Yes,6,4,Yes
44,72559,17,2,1,Yes,10,3,Yes
36,24726,5,4,2,Yes,2,1,Yes
20,18959,28,1,2,No,4,6,Yes
21,16753,38,1,1,Yes,3,3,Yes
50,72462,25,2,2,Yes,10,4,No
23,15287,11,3,4,No,7,4,Yes
43,75575,14,2,2,No,6,2,Yes
22,23043,32,2,1,Yes,7,1,Yes
32,28113,20,1,1,No,0,5,Yes
49,53596,11,1,1,No,0,4,Yes
59,62324,17,1,4,Yes,4,0,Yes
53,77198,17,2,1,No,5,6,Yes
24,21694,34,3,2,Yes,5,6,Yes
46,27535,13,3,3,No,3,1,No
56,33256,37,3,4,No,1,1,No
24,65875,8,4,2,No,6,3,Yes
52,43388,39,4,3,Yes,4,4,No
54,19170,10,3,3,No,10,1,No
32,45687,18,2,2,Yes,3,3,Yes
35,65260,20,1,3,Yes,0,1,Yes
44,53721,20,1,4,No,6,6,No
20,79101,6,2,2,No,5,6,Yes
52,78526,38,4,2,Yes,6,0,No
21,62804,4,4,3,No,2,3,No
42,54380,14,3,2,No,0,1,Yes
60,70364,35,1,4,Yes,7,6,Yes
39,68911,20,2,2,No,1,0,No
30,50108,18,1,4,Yes,10,3,Yes
50,33874,1,3,3,No,5,6,Yes
23,50701,15,3,4,Yes,1,5,Yes
52,67668,14,1,2,Yes,1,5,No
28,35484,15,4,2,No,3,5,Yes
31,39469,19,4,2,No,10,6,Yes
48,42334,0,2,3,Yes,10,5,No
47,77876,37,1,2,No,6,0,Yes
30,58487,14,1,2,No,3,2,No
20,43491,25,2,3,Yes,0,3,No
37,17966,22,3,4,No,4,2,Yes
47,16206,27,1,4,Yes,10,0,No
24,74972,23,2,1,No,8,5,Yes
39,56944,6,1,4,No,4,2,No
21,59519,30,4,3,Yes,1,3,Yes
41,72303,23,1,4,Yes,2,5,Yes
25,42034,4,2,2,No,4,0,Yes
42,24900,36,3,4,No,10,1,No
22,60570,21,4,2,No,8,2,No
56,18315,10,3,1,No,3,3,Yes
56,46339,35,2,2,No,4,0,No
37,57435,21,4,4,Yes,0,2,Yes
60,34173,11,4,1,Yes,6,4,No
39,33776,29,2,1,Yes,7,3,Yes
36,37964,33,3,2,Yes,9,4,No
43,56799,36,1,2,Yes,7,0,Yes
52,62964,35,1,1,No,0,6,No
30,35492,17,1,2,Yes,2,2,Yes
45,67048,24,4,3,No,1,3,No
58,34823,38,2,1,No,2,2,Yes
51,35099,29,3,3,No,8,2,Yes
24,43644,3,4,2,No,0,4,No
57,68212,22,3,1,No,5,0,Yes
57,73620,13,4,4,Yes,2,2,Yes
49,58573,3,1,2,Yes,5,0,Yes
50,73536,15,3,3,Yes,2,2,No
24,64785,11,3,2,Yes,7,1,No
45,78401,20,4,1,Yes,3,6,Yes
21,79272,40,4,3,Yes,7,3,No
36,31565,2,4,2,No,0,0,Yes
39,49978,29,2,2,Yes,9,0,Yes
50,42212,24,4,2,Yes,10,4,No
21,38821,26,1,3,No,6,5,No
31,16654,20,3,3,Yes,10,5,No
34,21221,29,1,1,Yes,9,3,No
43,17922,18,1,2,No,9,1,Yes
29,36980,33,2,1,Yes,8,0,Yes
39,49728,2,1,1,No,10,1,No
52,26853,25,3,2,Yes,2,5,Yes
22,68523,34,1,3,Yes,1,5,No
53,42103,4,4,3,Yes,1,0,No
30,28317,15,3,3,No,9,0,Yes
22,15695,38,1,4,No,8,0,No
28,21314,21,3,4,No,0,0,Yes
49,46403,27,3,3,Yes,0,0,No
36,33381,17,1,3,Yes,9,2,Yes
50,61815,32,4,1,No,5,4,Yes
53,54654,31,2,1,Yes,3,6,Yes
39,63298,2,1,2,No,5,5,No
35,35556,40,2,3,No,4,2,Yes
56,19294,3,2,2,No,5,1,No
34,64521,11,3,1,No,0,1,Yes
25,75895,35,3,1,Yes,8,1,No
26,20960,4,1,2,No,9,5,Yes
29,47426,3,4,1,Yes,10,4,Yes
50,52823,10,2,2,No,8,5,No
51,25915,35,2,2,No,4,6,Yes
34,52415,18,4,4,Yes,8,6,Yes
53,54427,24,2,2,No,3,5,Yes
43,38125,13,4,2,Yes,8,3,No
45,45258,32,2,1,No,7,1,No
37,20651,18,4,2,No,0,0,Yes
59,66048,8,3,1,No,5,3,No
25,56953,40,4,1,Yes,8,1,Yes
26,45025,36,2,3,Yes,1,3,Yes
56,71792,18,1,1,Yes,4,6,Yes
53,37317,34,4,1,Yes,3,0,Yes
25,73691,26,2,1,Yes,3,6,No
41,76033,8,3,1,No,1,1,Yes
44,53026,11,1,3,No,7,1,Yes
21,22174,22,3,4,Yes,7,3,Yes
22,19139,28,1,2,Yes,8,2,No
25,55099,15,1,1,No,7,0,Yes
40,22871,24,3,1,No,0,5,Yes
55,74142,24,4,2,No,9,5,No
37,64659,26,1,3,No,7,6,Yes
37,56602,28,2,4,Yes,1,4,Yes
20,79913,0,1,3,No,7,4,No
52,18318,8,1,3,No,3,5,No
36,41456,14,3,2,Yes,7,3,Yes
44,64915,40,1,4,Yes,7,6,No
55,39931,36,2,3,No,1,3,Yes
21,73916,2,1,1,Yes,10,4,Yes
43,58763,36,3,3,Yes,8,4,No
45,43766,23,3,3,No,4,5,Yes
41,76197,10,3,1,Yes,6,6,Yes
60,51391,32,1,3,No,3,2,No
29,26875,29,2,2,No,8,5,No
34,51052,3,2,2,No,6,6,Yes
56,24461,28,1,3,No,6,6,No
33,65550,7,4,2,Yes,5,5,Yes
53,20028,24,1,3,No,5,5,No
35,18887,37,1,1,Yes,9,2,Yes
31,57213,35,4,1,No,6,1,No
36,63402,8,4,1,Yes,1,3,Yes
41,48187,10,3,1,Yes,7,1,No
50,19830,29,2,4,No,9,4,Yes
54,22256,11,2,2,Yes,2,1,No
43,53399,5,3,4,No,9,0,Yes
33,44058,32,3,2,Yes,3,6,Yes
43,66049,28,3,2,Yes,2,1,Yes
20,24322,14,4,2,Yes,7,4,Yes
25,34714,3,2,3,No,9,6,No
23,71250,16,3,3,Yes,0,3,Yes
40,42540,40,4,1,No,1,5,No
55,48264,6,2,1,No,0,4,Yes
27,33145,14,1,3,No,1,0,Yes
20,29943,25,3,2,Yes,7,3,Yes
41,54268,26,1,1,Yes,8,6,No
29,57940,10,3,2,No,2,6,No
22,33194,4,2,4,Yes,8,6,Yes
20,17425,39,3,4,No,3,6,No
35,77175,5,3,1,No,2,3,No
52,34602,5,1,3,No,6,2,Yes
39,30412,15,4,2,Yes,7,6,Yes
43,15433,23,4,4,Yes,5,5,No
55,67398,8,3,1,No,3,4,No
24,49149,9,3,4,No,9,0,Yes
45,38487,17,2,4,No,10,4,No
30,55880,24,3,4,Yes,2,2,No
44,74206,0,3,1,No,8,2,No
35,74601,37,2,4,Yes,5,2,Yes
56,54472,4,4,1,No,1,4,Yes
26,20780,31,1,3,Yes,2,5,No
22,77771,9,3,2,Yes,8,5,Yes
44,21970,1,3,2,Yes,4,3,No
22,39250,37,3,2,Yes,9,5,No
60,34335,25,3,4,Yes,8,3,Yes
22,66659,35,1,2,No,9,2,Yes
40,26083,37,1,1,No,4,5,Yes
33,68727,11,2,1,Yes,1,6,No
52,53522,28,4,2,Yes,3,1,Yes
40,42665,4,3,1,Yes,10,2,Yes
56,68949,20,1,1,No,4,1,No
51,29586,25,2,1,No,6,3,Yes
36,34686,1,2,2,Yes,4,3,Yes
53,59905,37,2,1,No,6,1,No
51,43270,40,1,3,Yes,3,3,Yes
25,61466,11,2,1,Yes,0,6,Yes
55,57689,26,2,2,Yes,2,3,Yes
25,72360,20,2,2,Yes,1,6,Yes
30,48456,10,3,3,No,0,0,Yes
23,39813,34,4,2,Yes,0,5,Yes
43,59297,25,2,2,Yes,7,3,Yes
47,21822,4,2,4,No,0,0,Yes
41,26048,25,3,3,Yes,6,3,Yes
58,55872,32,1,3,No,8,2,No
29,66859,17,4,3,No,2,4,Yes
60,72250,0,3,2,No,1,1,Yes
36,73228,14,2,1,No,10,1,Yes
43,36615,35,2,3,No,1,3,Yes
50,39552,13,4,2,No,6,1,No
55,63704,34,1,4,No,4,5,Yes
49,74940,10,4,2,Yes,8,6,No
43,51647,19,4,2,Yes,5,0,No
43,31783,33,2,3,Yes,6,1,Yes
27,39588,30,4,1,No,8,2,No
34,19836,24,2,4,Yes,3,4,No
53,26097,21,3,4,Yes,8,2,Yes
24,41163,24,4,3,No,2,2,Yes
26,53797,4,2,2,Yes,6,2,Yes
47,50226,36,1,1,Yes,4,3,Yes
43,67728,18,2,3,Yes,0,2,Yes
52,27337,35,1,2,No,4,1,Yes
45,74638,16,3,1,No,5,1,Yes
37,74151,0,3,2,Yes,0,3,Yes
36,15136,6,1,2,No,6,6,No
51,52244,32,4,4,Yes,0,1,Yes
60,46820,21,3,4,Yes,0,0,Yes
43,63049,27,3,4,No,0,3,Yes
38,74680,32,3,1,Yes,4,1,Yes
27,64825,10,2,2,No,7,5,No
54,60471,26,3,1,Yes,10,3,Yes
22,21481,21,1,1,No,3,1,No
32,47903,3,1,4,Yes,3,4,No
59,38974,27,1,4,No,4,6,Yes
31,21769,1,1,2,No,2,2,Yes
32,46410,0,2,3,Yes,3,0,Yes
35,26154,18,4,1,Yes,5,4,Yes
47,24123,9,1,4,No,1,6,No
20,35279,28,4,2,No,2,5,No
24,60252,35,2,2,No,8,2,Yes
27,68888,14,4,3,No,0,5,No
23,26812,20,2,2,No,1,1,No
59,46330,10,3,3,Yes,10,4,No
38,37589,32,4,1,Yes,7,2,No
49,75448,21,1,1,No,3,0,No
22,74627,21,1,1,Yes,1,4,No
31,56220,34,1,2,Yes,4,0,Yes
46,57628,12,2,3,No,7,6,No
50,16853,6,4,1,Yes,2,0,No
22,36008,35,4,3,Yes,8,2,No
56,19306,10,3,4,Yes,0,2,No
59,78684,24,3,2,No,3,1,No
57,75479,24,3,3,No,6,1,No
32,37142,31,1,2,Yes,9,0,No
60,16164,6,4,4,Yes,8,4,Yes
27,33687,36,4,4,No,4,5,Yes
26,70386,17,1,3,No,6,3,Yes
44,22721,6,4,4,No,7,0,Yes
29,17293,13,1,4,No,5,4,Yes
59,25226,18,2,4,Yes,3,0,Yes
51,69842,16,4,2,Yes,3,4,Yes
31,78511,10,4,2,Yes,3,2,No
24,54352,35,2,4,Yes,3,2,Yes
25,56000,27,2,2,No,8,1,No
51,73993,40,3,4,No,6,0,Yes
50,24300,11,1,2,No,5,1,Yes
52,53519,9,3,3,No,7,6,Yes
58,48285,13,4,1,No,5,3,No
37,47720,28,1,3,Yes,10,1,No
59,73803,7,3,2,Yes,0,4,No
23,55548,8,4,1,Yes,1,3,No
40,71294,39,2,1,No,8,0,Yes
57,26237,12,4,2,No,4,0,Yes
44,68115,15,1,1,No,8,6,Yes
52,31618,6,2,3,Yes,0,3,Yes
37,36441,12,1,4,No,9,5,No
55,76228,25,2,4,No,1,0,Yes
38,53742,18,3,3,Yes,1,5,Yes
52,48809,26,1,2,No,2,4,No
42,39913,30,1,1,No,7,0,Yes
56,48603,18,4,3,No,2,3,Yes
29,69945,2,4,3,No,5,6,No
50,27637,25,1,3,No,7,5,No
59,77837,25,3,3,No,6,3,No
32,28964,34,2,3,No,7,0,No
48,15823,1,2,4,Yes,3,0,Yes
46,32964,30,3,3,No,5,1,Yes
56,55318,12,2,4,Yes,5,5,No
46,75216,6,4,3,No,0,6,No
48,55478,26,4,2,No,9,6,Yes
35,74275,10,4,4,No,1,0,Yes
22,25505,36,1,4,No,7,4,Yes
29,49055,0,1,2,Yes,5,4,Yes
40,38123,17,2,3,No,7,3,Yes
31,57403,13,4,4,No,7,0,No
35,32510,40,4,1,No,6,6,Yes
20,59199,36,2,2,No,1,4,No
53,52005,30,1,1,No,2,1,Yes
38,45546,32,2,3,Yes,0,5,Yes
59,26495,36,1,1,Yes,5,1,Yes
39,54040,38,4,2,No,2,2,Yes
50,63526,16,3,2,No,8,6,No
37,59545,9,4,4,Yes,5,6,No
28,26531,24,1,3,Yes,7,2,Yes
53,64468,32,4,1,Yes,10,2,Yes
26,64041,0,2,2,No,6,1,Yes
39,42110,13,4,1,Yes,3,3,Yes
54,15554,0,2,1,No,4,5,No
54,22599,7,3,1,Yes,3,4,No
47,31162,11,1,1,Yes,4,2,No
56,36708,30,2,3,No,7,3,No
32,37819,1,4,1,No,5,6,Yes
36,48626,35,4,3,Yes,5,4,Yes
58,48647,4,4,1,Yes,10,4,No
27,20337,29,3,1,Yes,0,5,Yes
30,22978,0,3,3,Yes,7,3,Yes
43,66301,0,2,2,Yes,9,3,No
26,20132,37,2,4,Yes,2,1,No
41,23736,14,3,3,No,2,4,Yes
52,50145,9,3,2,Yes,5,2,Yes
48,79105,14,2,4,Yes,9,0,No
30,63439,20,1,1,Yes,0,4,Yes
56,65527,35,4,4,No,9,5,No
42,16114,21,2,2,Yes,4,1,Yes
53,15866,22,4,4,No,4,6,Yes
42,36860,13,4,3,Yes,10,1,Yes
31,26839,16,4,1,Yes,4,4,Yes
60,73174,11,1,4,Yes,4,6,No
52,77398,10,4,1,Yes,7,1,Yes
25,67132,17,1,3,Yes,2,6,No
37,36858,10,3,4,Yes,0,4,No
55,41458,28,3,2,No,8,5,No
53,62956,40,3,3,No,3,0,Yes
29,34654,25,1,3,No,10,3,No
36,49551,39,4,4,No,4,4,Yes
36,77148,40,4,4,Yes,6,5,Yes
20,40581,32,1,3,Yes,8,0,Yes
27,68865,13,2,3,Yes,8,6,No
47,77025,30,3,1,Yes,9,1,No
53,68140,11,3,4,Yes,7,0,Yes
32,47859,23,1,1,No,3,1,No
52,36485,33,3,2,No,5,6,No
40,28329,9,1,4,Yes,2,5,Yes
37,72100,9,1,3,No,8,3,Yes
60,70500,3,4,3,No,5,2,Yes
45,55222,40,1,1,No,5,1,Yes
25,65358,1,1,1,Yes,7,4,No
40,78714,16,1,3,Yes,2,2,No
39,33221,23,4,4,Yes,2,5,No
51,71043,39,1,3,Yes,6,0,No
22,67404,4,4,2,Yes,7,6,No
45,52223,19,3,1,No,0,6,No
30,56056,29,2,1,Yes,9,3,Yes
22,26278,35,2,1,No,3,3,Yes
35,18421,12,4,1,No,10,4,Yes
30,30976,34,1,2,Yes,9,1,Yes
46,49842,29,2,3,No,8,6,No
42,29899,40,1,1,No,6,0,Yes
30,69677,33,2,1,No,8,1,Yes
31,40256,3,2,3,No,5,6,Yes
30,41863,2,1,2,No,7,2,No
48,17956,36,1,4,Yes,8,6,Yes
25,68040,23,1,2,No,7,4,Yes
53,73261,2,4,1,Yes,1,1,Yes
21,44402,36,2,4,Yes,1,0,Yes
37,42284,27,3,1,No,2,6,Yes
43,58506,25,2,4,Yes,5,2,No
28,62658,32,3,3,No,9,6,No
49,30757,24,2,1,Yes,5,1,No
29,72793,12,4,2,No,10,4,Yes
58,15352,11,2,2,No,3,3,No
28,49330,19,1,4,No,5,6,Yes
22,61990,20,2,1,Yes,7,4,Yes
46,17373,6,3,4,No,3,5,No
42,78214,19,4,2,Yes,7,2,No
33,19659,40,3,4,Yes,5,1,Yes
21,63139,5,2,1,Yes,5,6,No
59,60449,23,1,1,No,4,4,No
46,75684,19,4,1,Yes,10,6,Yes
47,20494,16,1,3,No,4,4,No
41,64449,5,2,2,Yes,10,5,Yes
37,60734,1,4,2,No,6,0,No
59,16833,21,4,1,Yes,0,6,No
52,41723,25,2,3,Yes,3,6,Yes
40,45987,11,2,1,No,6,1,No
35,20864,32,3,4,No,7,5,Yes
50,46739,24,2,1,Yes,10,4,Yes
35,75145,9,3,3,Yes,4,4,Yes
38,30770,20,4,3,Yes,0,3,Yes
40,26826,22,2,2,No,7,6,No
35,45102,7,2,3,No,8,6,Yes
60,16141,24,3,3,No,5,6,Yes
26,58627,19,2,2,Yes,0,4,No
50,29978,21,3,4,Yes,9,0,No
55,55459,36,1,3,Yes,2,1,Yes
28,37659,10,3,3,No,0,0,Yes
23,28787,26,4,2,Yes,8,5,No
36,57625,13,2,1,Yes,10,3,Yes
25,29187,23,1,3,Yes,1,4,Yes
35,70862,25,3,4,No,4,2,Yes
30,73476,30,1,4,No,2,5,No
51,50947,33,2,3,No,5,2,No
24,34572,18,4,1,Yes,2,5,Yes
25,48245,8,2,3,Yes,9,5,No
30,53909,33,3,3,Yes,4,1,Yes
27,49566,1,2,1,No,7,0,No
58,47485,16,2,1,Yes,5,3,Yes
49,74873,25,2,3,No,0,2,No
28,23630,21,3,2,Yes,0,1,Yes
45,32424,25,3,3,Yes,2,6,Yes
47,60425,16,4,1,Yes,1,0,Yes
28,23808,23,4,1,Yes,5,1,Yes
57,31181,20,2,2,Yes,1,1,Yes
50,76159,17,3,3,No,2,6,Yes
30,16078,21,3,3,No,9,3,No
22,25246,30,2,1,Yes,8,0,Yes
54,59318,13,1,3,Yes,4,5,Yes
47,51293,4,4,4,Yes,4,2,No
38,52427,22,4,2,No,2,1,Yes
36,43754,35,1,1,No,6,3,Yes
49,59895,24,3,1,No,2,3,No
49,42821,21,4,4,No,8,0,No
27,61089,29,4,4,Yes,8,6,No
22,62724,5,2,4,No,5,4,Yes
30,56134,5,1,4,No,9,5,Yes
54,25569,11,4,4,No,10,1,No
30,36166,29,4,2,No,6,5,Yes
39,34874,9,1,4,Yes,5,6,No
31,37146,8,1,2,Yes,4,5,No
55,47309,30,4,3,Yes,4,2,Yes
27,76272,8,4,1,Yes,2,0,Yes
49,34397,7,3,3,No,3,1,No
31,56953,5,3,3,No,9,1,No
35,39214,25,2,1,No,10,1,No
38,54462,32,4,3,No,5,2,Yes
58,48602,18,4,1,Yes,10,0,Yes
34,20743,26,1,1,Yes,9,6,No
55,67116,17,1,2,Yes,10,6,Yes
31,25713,21,1,4,Yes,2,1,No
53,71993,2,4,3,No,0,6,Yes
43,31470,20,4,1,No,7,1,No
46,15355,28,3,3,Yes,7,5,Yes
20,76222,14,1,4,No,6,0,Yes
37,34807,30,2,1,No,3,4,No
44,53435,6,4,4,No,10,5,No
25,46030,15,1,4,No,3,3,Yes
29,60712,21,1,4,No,1,2,Yes
50,66958,17,4,4,Yes,1,5,Yes
58,36201,5,2,4,Yes,0,3,No
31,64851,15,4,3,No,9,6,No
40,58540,22,4,1,No,2,3,No
49,31395,5,2,1,No,9,6,Yes
49,23376,30,2,3,No,1,0,No
38,59071,36,4,4,No,5,3,No
24,58794,9,2,1,No,9,0,Yes
24,22585,13,4,4,No,7,3,No
45,18315,29,4,2,No,6,1,Yes
57,25766,34,4,2,Yes,2,4,Yes
52,27288,0,2,3,No,2,1,No
42,78356,20,2,2,Yes,10,4,Yes
40,25219,12,3,2,No,1,5,No
40,39579,21,1,1,No,10,0,Yes
42,29538,3,1,1,Yes,8,1,Yes
43,76940,0,1,1,No,8,1,Yes
43,41187,35,3,1,No,0,1,Yes
41,53818,34,4,3,Yes,4,3,Yes
39,79152,7,2,4,No,3,0,No
47,57492,31,1,1,Yes,9,6,Yes
46,63673,22,1,3,No,10,3,Yes
31,20962,5,2,3,Yes,8,4,Yes
60,66267,1,3,1,Yes,4,0,No
26,62421,0,3,2,No,0,0,Yes
59,52233,5,2,1,No,3,5,Yes
33,24197,36,2,4,Yes,4,0,No
42,70476,7,2,3,Yes,8,1,No
45,72314,6,3,2,No,9,0,Yes
25,39733,19,3,1,Yes,8,1,No
59,71567,35,4,4,No,8,5,No
31,34530,25,2,2,No,2,5,Yes
55,19958,14,1,2,No,3,4,Yes
40,42882,20,2,1,Yes,10,1,No
33,51141,36,2,2,No,9,2,Yes
39,42036,7,3,1,No,7,3,Yes
47,42019,38,1,1,No,7,1,No
21,59535,36,1,1,Yes,9,5,Yes
29,37249,33,1,2,Yes,1,0,No
57,27709,18,4,1,No,6,6,Yes
29,45817,6,1,4,No,2,4,Yes
29,30696,39,2,3,Yes,8,3,Yes
55,62773,16,4,2,No,2,1,Yes
36,70521,2,3,2,No,4,1,No
45,53147,32,4,3,Yes,7,0,Yes
44,60023,40,3,4,No,7,5,Yes
39,34969,15,4,3,No,9,6,No
46,75016,29,3,4,Yes,8,5,No
36,26776,4,3,3,No,1,5,No
44,17051,32,4,3,Yes,0,1,Yes
36,58825,12,2,4,Yes,6,1,No
54,17084,23,2,1,Yes,3,5,No
54,48025,23,3,1,Yes,9,6,No
49,58154,38,4,4,Yes,10,4,No
27,62358,21,3,3,No,7,5,Yes
26,29634,26,3,1,No,6,2,No
35,32446,5,1,2,Yes,9,3,Yes
32,65872,40,1,1,No,8,3,No
41,78148,5,3,2,Yes,0,1,No
40,53197,13,2,4,Yes,6,4,No
59,30137,17,4,4,No,2,0,Yes
59,63253,10,3,2,No,3,2,No
33,73386,21,1,3,Yes,2,3,Yes
55,77061,20,2,2,Yes,6,2,Yes
52,49334,30,3,4,Yes,6,3,No
26,75455,13,2,4,No,9,2,Yes
35,60333,2,2,2,Yes,8,5,No
43,34203,9,3,3,Yes,0,2,No
43,25006,39,1,4,No,0,1,No
34,74177,40,2,3,Yes,8,0,No
22,21709,5,2,2,No,8,2,Yes
28,32199,31,4,4,No,8,3,No
27,42100,22,1,2,Yes,10,4,Yes
29,28202,7,4,1,Yes,2,0,No
42,60837,28,1,3,Yes,1,1,No
40,61826,5,3,3,Yes,7,3,No
24,47190,10,3,4,No,3,3,No
54,24277,11,4,4,Yes,3,4,No
29,44183,1,2,3,Yes,2,2,No
58,68823,9,3,1,No,8,4,Yes
59,36116,12,3,3,Yes,9,4,No
58,50904,14,4,3,No,6,6,Yes
35,56469,4,3,4,No,3,2,Yes
53,22168,40,2,2,No,1,3,No
49,51771,14,2,1,Yes,6,2,No
50,23139,21,1,4,No,5,3,No
50,23326,9,2,2,Yes,5,3,Yes
57,54193,23,4,1,Yes,9,6,No
51,76988,31,2,1,Yes,8,3,No
22,68699,30,2,2,Yes,8,5,Yes
45,45750,7,2,1,No,0,6,Yes
22,35508,3,3,3,Yes,9,5,Yes
51,58148,13,2,2,Yes,2,1,No
29,55033,29,2,4,Yes,4,6,No
51,19010,29,2,4,Yes,4,1,No
23,24990,10,1,2,No,4,2,No
58,28701,33,1,1,Yes,10,5,No
22,32731,32,2,1,Yes,0,0,Yes
57,78759,5,4,1,Yes,1,5,No
26,16985,25,4,4,Yes,8,4,Yes
45,47324,29,1,4,Yes,8,0,Yes
35,55596,34,2,3,Yes,6,3,No
59,20583,36,4,2,No,4,0,No
33,36540,3,3,3,No,4,1,No
43,51991,29,3,2,No,6,4,No
45,34703,2,1,4,Yes,8,2,No
22,24549,31,1,3,Yes,10,5,No
34,28723,32,2,4,No,9,2,No
23,49387,12,2,1,Yes,10,1,No
22,32091,4,3,3,Yes,4,3,No
27,69554,21,1,3,Yes,4,3,Yes
36,68743,35,1,3,No,7,3,No
56,76221,26,3,3,No,7,5,Yes
44,72147,6,2,1,No,10,4,Yes
29,42416,10,3,2,Yes,4,1,No
43,58680,37,3,4,Yes,7,3,Yes
30,74875,33,1,3,No,7,0,No
39,17652,19,3,3,Yes,10,1,No
20,78881,28,4,1,No,8,1,Yes
39,47143,15,1,2,No,5,0,Yes
54,30752,31,1,2,No,0,2,Yes
51,44543,39,1,3,Yes,4,3,Yes
39,26307,31,2,2,Yes,1,6,No
42,15252,37,1,4,No,8,4,No
43,43141,0,3,3,Yes,9,4,Yes
56,19659,40,3,4,Yes,2,3,No
25,56690,18,2,4,Yes,4,5,No
48,79875,24,2,3,Yes,8,2,No
47,66733,30,2,1,Yes,0,5,No
46,54980,37,2,2,Yes,8,6,Yes
23,79554,34,1,1,Yes,10,0,No
46,74120,12,2,1,No,6,3,No
57,77308,18,2,4,No,9,0,No
50,22411,33,4,4,No,9,4,Yes
48,57527,5,1,4,No,0,4,No
43,48307,9,2,1,Yes,0,5,No
27,22196,40,2,4,Yes,0,3,Yes
33,58262,20,4,2,Yes,10,2,Yes
53,30371,8,3,4,Yes,1,4,No
27,25138,29,2,3,Yes,9,0,Yes
23,68200,26,4,2,Yes,3,5,No
48,71667,28,2,1,No,9,0,Yes
43,31034,19,4,3,Yes,1,3,Yes
22,71612,31,1,3,Yes,4,6,No
53,66627,16,4,3,Yes,6,4,Yes
46,28014,19,4,3,No,10,1,No
54,61334,36,4,4,Yes,2,0,No
60,27154,14,1,3,No,8,5,Yes
54,38544,14,2,4,No,6,3,Yes
25,72384,30,1,4,No,1,0,Yes
38,40673,7,3,1,Yes,1,4,No
26,72417,38,2,1,Yes,5,4,No
43,64188,6,1,3,Yes,2,2,Yes
56,73786,35,3,3,No,0,4,Yes
56,45888,26,4,2,Yes,5,0,Yes
53,46663,1,2,1,Yes,1,6,No
42,63608,22,2,2,No,5,1,No
22,70799,8,2,3,No,7,0,No
44,70991,38,1,4,No,8,3,No
49,48898,19,2,2,No,6,3,Yes
21,57997,14,4,4,No,5,2,No
49,23953,29,3,3,Yes,9,2,Yes
53,77865,31,4,3,No,7,2,No
54,51379,5,4,1,Yes,2,4,Yes
57,74964,32,1,4,No,9,6,Yes
34,29823,35,4,3,Yes,9,3,Yes
32,70238,7,1,2,Yes,4,3,Yes
53,39855,0,2,1,No,7,6,Yes
24,21738,35,3,4,No,1,5,No
44,46599,31,2,1,Yes,8,3,Yes
57,71904,15,2,2,No,4,2,No
25,33864,36,3,1,Yes,4,1,Yes
24,36239,16,3,1,Yes,9,3,No
37,21332,15,1,1,No,0,2,Yes
52,57147,1,1,1,No,3,2,No
50,20008,9,4,4,No,7,1,No
49,19755,3,3,1,Yes,1,4,No
54,74564,18,1,1,Yes,6,5,No
36,53201,18,1,3,Yes,0,3,Yes
41,30159,1,2,3,No,5,3,No
44,21021,33,1,2,Yes,0,0,Yes
35,50359,19,4,2,Yes,5,2,No
49,41687,33,3,3,No,2,1,Yes
41,60939,29,4,3,No,7,4,Yes
51,50516,22,4,4,No,8,4,Yes
20,29495,38,1,1,No,7,2,Yes
59,74278,16,4,2,Yes,8,0,Yes
49,41142,14,2,4,No,2,4,No
29,26950,37,3,1,No,10,6,No
20,19393,23,4,4,Yes,6,4,No
36,44131,6,2,3,Yes,4,6,Yes
36,27717,31,3,3,Yes,10,0,No
51,69667,2,3,2,No,4,2,No
21,53008,32,1,2,Yes,1,3,No
42,29841,16,4,3,No,5,4,Yes
58,38747,2,2,4,Yes,9,6,Yes
44,17357,7,4,4,No,7,1,Yes
26,16910,33,2,1,Yes,0,5,No
50,37623,0,2,2,No,9,3,No
34,50068,3,1,2,No,10,3,No
21,72189,24,2,4,Yes,6,3,Yes
36,64978,40,4,3,No,7,2,No
48,37555,35,4,4,Yes,4,5,Yes
37,58426,0,2,4,No,4,0,No
28,73293,14,1,4,No,1,3,Yes
27,34093,24,1,1,Yes,2,0,Yes
49,38649,37,4,4,Yes,10,5,No
34,76336,28,1,4,No,7,6,No
58,40999,4,4,3,Yes,0,6,Yes
51,48726,31,3,3,No,4,6,Yes
40,48577,9,3,3,No,2,0,Yes
24,42911,33,1,2,No,1,5,Yes
39,21516,26,1,2,No,4,6,Yes
53,16040,1,4,2,No,2,6,No
37,64099,17,3,4,No,2,4,No
26,79961,6,1,3,Yes,2,1,Yes
42,57101,1,1,3,No,10,3,No
51,73214,30,4,2,Yes,10,5,No
35,77104,26,1,3,Yes,1,4,No
39,18925,35,1,2,No,0,0,No
33,54636,5,4,1,No,7,3,No
39,54133,23,3,3,No,5,3,No
50,37768,2,3,2,No,8,5,Yes
28,27351,31,1,3,Yes,5,6,Yes
29,29501,4,2,4,Yes,2,1,No
21,39228,18,2,2,Yes,3,3,No
33,31142,1,3,3,No,3,0,No
29,58769,22,2,2,Yes,8,5,No
37,37286,37,4,1,Yes,7,6,Yes
55,48046,30,2,2,No,0,4,Yes
20,27653,0,2,2,Yes,0,3,No
43,36606,9,3,2,No,5,0,Yes
30,33930,30,1,3,Yes,0,5,No
28,54091,7,4,2,Yes,6,3,No
33,39194,24,1,3,No,2,1,Yes
31,52096,6,1,4,Yes,3,6,Yes
28,79916,5,1,3,No,6,4,Yes
34,27610,31,2,2,No,7,2,No
50,29532,31,4,2,Yes,8,2,Yes
30,19245,13,2,3,Yes,6,3,Yes
59,22811,39,2,2,No,9,3,No
41,71728,31,3,2,No,1,6,Yes
31,77316,38,1,1,Yes,3,1,Yes
37,20730,10,2,1,Yes,2,3,Yes
60,62404,13,1,2,Yes,5,0,No
34,48129,5,2,2,Yes,10,4,Yes
22,37708,13,3,4,No,6,3,Yes
53,24140,32,4,1,No,0,5,No
46,78860,11,1,2,No,7,2,No
41,58586,18,4,4,No,3,5,No
47,46281,26,4,2,No,8,0,Yes
20,45128,36,2,4,No,10,0,Yes
32,20622,30,2,3,No,9,5,No
29,20904,11,3,1,No,2,1,Yes
20,54422,22,1,1,No,10,2,Yes
36,19502,2,2,2,Yes,0,6,No
50,50882,8,2,2,No,9,2,No
54,76585,26,3,1,No,2,3,No
57,79933,34,2,1,No,2,5,No
24,25974,37,3,2,Yes,7,0,No
39,73080,29,2,2,No,3,0,Yes
23,40154,14,4,3,Yes,9,4,No
35,47002,30,4,1,No,0,3,No
59,22105,11,1,3,Yes,7,1,No
52,42927,2,1,2,No,8,2,Yes
37,27053,38,2,1,No,4,0,Yes
45,78288,14,2,1,No,9,3,Yes
30,22162,9,3,4,No,9,0,Yes
53,67524,14,2,1,No,4,2,No
57,49556,9,4,4,Yes,9,5,No
29,71409,4,4,2,No,9,5,No
40,77304,21,3,4,Yes,5,3,No
54,37194,16,1,1,Yes,10,2,Yes
48,53940,5,2,1,Yes,7,5,No
56,16276,30,1,4,Yes,6,1,Yes
56,33886,21,1,2,Yes,9,5,Yes
27,30682,24,4,3,Yes,3,1,Yes
45,74941,13,4,4,Yes,6,2,Yes
37,59116,5,1,2,No,5,4,No
32,42307,20,2,3,No,0,4,Yes
42,72278,29,1,4,No,0,5,No
51,24782,35,3,2,No,0,2,Yes
43,31435,34,1,4,No,9,0,Yes
47,45928,27,4,1,Yes,10,4,Yes
20,59326,3,2,3,Yes,1,4,Yes
31,36779,4,4,1,No,3,4,Yes
35,79647,0,4,1,No,0,5,No
38,75048,30,2,2,Yes,6,0,No
28,69939,5,1,3,Yes,7,3,No
29,78834,10,3,4,Yes,9,2,No
47,40706,21,1,2,No,0,3,No
40,78652,40,4,1,Yes,2,6,No
34,31442,5,4,1,Yes,5,3,No
49,60955,40,3,1,Yes,1,4,Yes
48,30203,30,2,2,No,8,5,Yes
51,18890,35,1,2,No,6,2,No
31,25377,37,3,3,Yes,1,4,No
29,51013,7,1,2,Yes,10,2,Yes
22,59393,9,1,1,No,5,1,Yes
41,79740,18,1,1,No,7,0,No
20,67870,39,4,2,Yes,6,6,Yes
42,18708,31,4,2,No,0,1,No
31,56317,12,4,2,No,2,4,No
30,61739,1,1,4,Yes,5,0,Yes
41,62031,36,3,3,No,2,6,Yes
45,67712,5,2,1,No,1,6,Yes
28,38211,11,2,3,Yes,2,2,Yes
44,16262,36,4,3,Yes,0,0,No
30,46243,39,4,4,Yes,8,0,No
20,70433,27,1,4,Yes,9,2,No
21,64611,16,3,2,Yes,1,3,No
43,44411,8,2,4,No,8,0,No
56,67289,13,2,3,No,6,0,Yes
43,53434,35,1,1,No,4,0,No
24,47134,8,3,2,No,1,6,Yes
28,60932,9,4,4,Yes,8,3,Yes
40,66127,22,4,1,Yes,9,0,No
34,36923,19,2,2,No,2,4,No
25,59695,21,4,3,Yes,7,0,No
52,17546,34,3,2,No,7,4,No
46,59619,27,3,3,No,7,0,Yes
26,71111,7,4,1,Yes,7,4,No
49,59803,25,3,4,Yes,6,0,No
55,75976,17,4,1,Yes,1,5,No
25,23883,11,4,2,Yes,2,5,Yes
38,47452,11,4,3,No,1,4,No
35,26224,17,3,1,Yes,10,4,Yes
51,34029,15,3,4,No,0,4,Yes
32,68872,11,3,4,Yes,8,5,No
55,30384,38,3,4,No,5,6,No
59,58827,9,3,4,No,3,0,Yes
51,54589,35,3,4,No,0,1,Yes
55,40478,14,2,2,No,3,0,No
42,69498,27,1,3,No,6,3,No
33,19693,4,4,1,Yes,4,3,No
58,67582,29,4,2,No,5,5,No
21,43658,37,4,2,No,7,0,No
33,66002,14,4,2,No,8,5,Yes
26,44497,31,2,4,Yes,1,0,Yes
47,71202,23,4,1,No,10,5,Yes
26,54957,16,3,1,No,9,3,No
45,42820,7,1,1,Yes,9,0,Yes
51,19701,16,4,4,No,1,5,Yes
43,78121,36,3,4,Yes,9,0,Yes
25,24430,13,3,4,No,1,2,Yes
37,38149,11,1,4,No,9,2,No
40,30094,33,3,4,Yes,5,0,Yes
25,40227,31,1,4,No,10,1,No
22,21089,12,4,3,No,0,0,No
37,37710,16,4,1,No,7,6,No
44,18347,37,3,2,No,9,1,Yes
43,29325,13,2,1,No,1,4,Yes
25,18211,9,2,3,No,0,6,Yes
51,24600,22,4,3,Yes,7,5,Yes
46,46735,40,2,2,No,9,3,No
40,34674,12,1,4,Yes,9,0,Yes
45,18376,1,1,4,Yes,9,3,Yes
56,79952,6,1,3,Yes,8,1,Yes
44,76489,22,2,3,No,10,4,No
30,16430,38,4,1,Yes,7,5,No
59,53100,28,3,1,Yes,9,5,No
56,17005,26,2,2,No,9,1,Yes
24,79074,14,1,1,Yes,5,3,Yes
41,59346,26,2,3,No,9,5,No
54,73938,19,4,3,Yes,3,6,No
26,61611,15,4,4,No,7,6,Yes
23,17781,18,1,2,Yes,1,5,Yes
48,65469,20,2,1,No,3,5,Yes
41,72153,32,4,3,Yes,9,6,Yes
40,52634,7,1,3,Yes,10,2,Yes
34,62555,36,1,1,Yes,3,1,Yes
51,27818,5,1,2,No,7,0,No
51,48921,4,2,4,No,1,2,Yes
44,55195,7,1,4,No,5,6,No
48,64122,37,4,4,No,3,0,Yes
37,20015,7,3,1,No,8,1,Yes
54,18985,8,2,3,Yes,9,0,No
36,59993,1,3,2,No,0,0,No
33,33091,25,3,1,No,0,1,No
60,47985,19,3,4,No,2,3,No
28,55036,6,3,1,Yes,3,4,No
48,47361,25,4,4,No,3,2,No
27,48052,26,2,3,Yes,9,1,No
29,37667,12,3,4,Yes,8,3,Yes
31,32709,18,3,2,No,8,0,No
32,30171,38,4,3,Yes,6,3,Yes
48,32826,17,3,1,No,5,1,No
30,53150,20,3,4,No,5,6,Yes
43,52779,30,4,3,No,2,4,No
22,31743,20,1,4,Yes,4,4,Yes
44,77909,14,1,1,No,6,0,No
47,37909,25,1,4,No,2,1,No
44,50631,22,2,3,Yes,1,4,Yes
39,26671,5,3,4,No,4,1,No
38,59120,1,4,4,Yes,4,2,Yes
30,15968,36,3,4,No,10,5,Yes
51,22969,8,3,3,Yes,0,6,No
26,48238,5,1,2,Yes,6,1,No
60,43586,0,3,2,No,1,1,No
60,47485,6,1,2,No,2,6,Yes
30,58181,22,4,4,No,8,1,No
46,30236,1,2,2,No,2,3,Yes
25,52142,22,1,4,No,1,2,No
41,38448,28,3,2,Yes,7,3,No
56,37492,20,3,3,Yes,6,4,Yes
57,46219,40,1,1,Yes,1,1,No
51,75234,7,4,3,No,0,0,Yes
22,36227,14,1,2,Yes,8,6,Yes
39,19364,12,1,2,No,9,4,No
55,74470,31,2,2,Yes,10,6,No
59,31384,40,1,4,Yes,4,5,Yes
28,77875,15,1,4,Yes,7,2,Yes
29,74772,38,2,1,Yes,9,3,Yes
34,31811,7,4,2,Yes,5,6,No
57,64273,15,3,4,No,5,5,Yes
60,29925,5,2,3,Yes,4,4,Yes
37,23775,12,4,1,No,0,2,Yes
35,50715,31,2,2,No,10,2,No
32,63424,22,3,2,No,5,1,No
43,26573,27,3,1,Yes,7,3,No
39,30728,34,4,4,No,1,4,No
22,71101,10,1,1,No,1,3,Yes
55,49322,17,1,1,No,0,3,Yes
47,33755,0,4,4,No,3,2,Yes
49,53874,7,4,3,No,4,6,Yes
29,40290,32,3,3,No,9,5,No
41,77220,35,4,2,Yes,2,2,No
57,56448,18,3,4,No,4,1,Yes
55,42029,30,4,3,No,10,4,Yes
50,48776,9,2,2,Yes,8,1,Yes
46,79602,26,2,4,No,1,1,No
41,51991,14,4,1,Yes,6,3,No
26,69427,18,1,4,No,8,5,No
49,20932,36,1,4,No,0,1,No
29,48611,21,2,3,Yes,9,3,Yes
38,39988,10,4,1,Yes,8,0,No
52,43933,24,1,2,Yes,2,4,Yes
58,59592,9,4,3,No,1,3,No
29,58051,32,2,4,No,9,0,Yes
21,34917,9,4,4,Yes,3,1,No
37,41617,6,1,1,Yes,4,4,Yes
48,22968,20,2,3,Yes,7,3,No
36,72537,13,4,3,Yes,9,5,Yes
26,16914,9,2,1,No,0,2,Yes
55,19604,13,2,3,Yes,0,2,Yes
58,47174,3,3,1,Yes,3,0,Yes
53,17938,26,2,3,Yes,4,5,No
23,53314,19,1,3,Yes,1,5,Yes
23,72899,21,4,3,Yes,0,5,Yes
57,15333,26,2,2,Yes,6,3,No
54,17205,8,1,2,No,8,1,Yes
31,18480,34,1,4,Yes,4,6,Yes
38,74276,13,3,4,Yes,7,6,Yes
52,26614,1,4,4,Yes,2,2,Yes
56,77979,13,4,1,No,5,6,No
26,20956,12,2,4,No,10,6,Yes
38,37138,35,2,2,Yes,0,1,No
58,17253,14,2,1,No,8,6,Yes
23,23438,11,4,1,Yes,9,6,No
27,37566,25,4,3,No,4,5,No
46,64696,3,1,3,No,7,0,Yes
32,54576,15,2,4,Yes,3,0,Yes
41,79918,15,2,3,No,4,2,No
60,57167,18,2,1,Yes,7,1,Yes
47,15463,8,3,2,Yes,7,5,Yes
42,16368,5,2,2,Yes,6,2,Yes
54,29462,35,1,4,No,5,5,Yes
23,20191,28,1,4,No,10,5,Yes
59,45310,0,1,3,No,6,2,No
23,36271,17,4,1,No,10,6,Yes
57,15737,38,3,4,No,4,3,No
29,29952,19,2,3,No,4,0,Yes
31,53115,22,3,1,No,7,5,No
59,46787,34,4,4,No,3,4,No
55,31606,33,1,2,Yes,1,1,Yes
31,23056,7,1,3,Yes,1,2,Yes
30,64626,30,3,4,No,10,5,No
56,28858,9,1,1,No,8,2,No
25,20148,18,3,1,No,0,6,Yes
55,77040,8,4,2,Yes,6,0,No
59,51296,28,4,3,Yes,0,1,No
56,46621,38,4,3,No,7,1,Yes
31,28984,8,2,2,Yes,9,4,No
59,60438,26,2,4,Yes,9,1,No
53,58778,35,1,2,Yes,0,4,Yes
51,29426,1,4,4,Yes,8,5,No
24,36871,6,4,1,No,9,5,Yes
52,44584,2,4,1,Yes,2,6,No
59,26520,14,4,1,Yes,10,1,Yes
44,52989,26,1,3,No,9,4,No
31,76920,8,4,2,Yes,9,5,Yes
36,31296,16,3,1,Yes,4,4,No
24,20623,35,2,2,Yes,0,6,No
42,72372,1,2,1,Yes,6,1,No
44,25585,8,2,1,No,5,1,No
30,39985,11,1,4,No,6,6,Yes
33,58315,9,1,1,No,1,0,Yes
56,28828,15,1,2,No,7,6,No
46,36144,7,4,3,No,8,1,No
55,79226,3,3,2,Yes,2,5,Yes
47,21112,37,4,2,No,7,0,No
43,31424,40,1,4,No,9,4,No
51,23680,10,1,4,Yes,0,2,No
30,69033,22,1,2,Yes,2,5,No
47,50928,22,2,1,No,3,5,Yes
26,18955,21,1,1,No,1,6,Yes
46,69146,9,1,4,Yes,7,0,Yes
49,64903,8,4,3,No,1,1,Yes
46,34497,35,4,4,Yes,2,2,No
26,18321,13,1,3,No,2,3,Yes
26,45175,32,3,3,Yes,1,2,Yes
24,19495,15,4,1,Yes,0,1,Yes
41,26596,24,1,1,Yes,7,1,No
59,31775,29,4,2,Yes,0,3,No
41,45539,28,2,2,No,10,2,Yes
56,18185,19,2,1,No,8,3,No
49,59976,21,3,1,No,9,6,Yes
23,55589,31,1,3,No,5,2,No
40,33765,12,1,3,No,9,3,No
28,43403,33,3,2,Yes,8,4,No
57,40774,29,2,2,No,0,1,No
24,29832,7,3,2,No,3,5,No
57,53919,1,1,2,No,8,0,Yes
33,31200,34,2,3,No,1,0,Yes
35,43821,24,3,4,Yes,0,2,No
36,42411,20,1,1,No,3,2,Yes
55,50350,36,3,2,Yes,0,5,No
48,73891,17,4,2,No,4,4,Yes
34,51434,32,1,1,No,2,4,Yes
32,63158,11,2,1,Yes,6,3,Yes
49,67411,19,1,2,No,5,4,Yes
29,78351,13,4,2,No,6,6,Yes
21,15353,26,3,1,No,5,1,Yes
41,41900,9,1,3,No,4,6,Yes
57,42736,27,3,3,Yes,3,3,Yes
33,27415,24,1,2,Yes,8,3,Yes
60,43077,23,1,3,No,3,2,Yes
51,62337,1,1,3,No,5,6,Yes
50,31098,19,3,4,Yes,8,6,No
44,39839,1,3,2,Yes,0,3,No
32,23293,22,1,2,Yes,3,6,No
60,48708,36,4,3,Yes,9,5,Yes
51,73774,17,1,1,No,0,1,No
44,71775,31,1,1,Yes,6,5,No
41,60626,28,2,4,No,6,0,Yes
52,39712,13,1,1,Yes,2,0,Yes
42,77048,22,1,1,No,5,1,Yes
45,34851,6,3,2,No,1,1,Yes
37,68821,16,4,2,Yes,6,5,Yes
43,35346,18,4,4,Yes,7,4,Yes
33,74899,1,2,2,No,5,6,Yes
26,68542,31,3,3,No,10,0,No
32,51824,25,3,4,Yes,8,3,Yes
59,62081,32,1,1,Yes,8,3,No
60,63102,18,4,4,No,6,4,Yes
50,51901,19,2,1,Yes,8,5,Yes
21,43813,9,4,3,Yes,6,0,Yes
37,20195,36,4,2,No,1,3,Yes
32,78788,2,1,3,Yes,5,6,Yes
39,42567,35,4,1,Yes,2,0,Yes
38,65400,30,3,2,Yes,0,4,No
53,63347,26,2,2,No,6,4,Yes
56,74535,33,1,1,No,10,1,No
28,70049,12,4,1,No,5,6,No
25,52270,12,2,3,No,1,3,No
36,75882,0,4,2,Yes,0,4,No
59,21647,13,4,1,No,7,3,No
49,68905,18,3,4,Yes,10,1,No
29,78430,32,1,3,No,4,1,Yes
50,21904,3,4,2,Yes,6,1,Yes
50,55251,0,2,3,Yes,3,4,Yes
38,34999,28,2,3,No,7,6,No
47,28363,18,4,4,No,2,4,No
58,44890,2,2,1,No,8,2,No
22,57048,38,1,2,Yes,0,3,Yes
58,27192,1,2,2,No,7,3,Yes
40,64782,36,2,4,No,10,3,No
32,48110,25,2,2,Yes,8,3,Yes
50,34902,25,1,1,No,9,2,Yes
37,32917,21,3,1,Yes,2,0,No
42,23260,2,2,1,No,3,4,No
39,36754,27,4,4,No,0,4,Yes
57,43178,21,4,4,Yes,2,1,No
25,25519,38,4,4,No,1,1,Yes
38,20635,17,3,4,No,8,2,Yes
29,28179,37,1,4,No,4,4,No
46,34323,33,4,2,Yes,8,1,No
30,65712,20,2,1,No,2,1,No
23,33783,14,3,1,Yes,4,4,No
53,48105,4,3,4,No,6,6,No
27,31391,23,3,1,No,6,6,Yes
60,72782,7,3,2,No,6,3,Yes
26,48016,33,3,2,Yes,9,2,Yes
31,19844,33,1,3,No,9,5,Yes
40,26862,20,2,4,Yes,5,0,No
23,34386,7,1,1,No,0,4,No
37,43329,5,1,4,No,7,3,No
47,27481,3,4,1,No,7,0,No
47,66039,12,1,3,Yes,6,4,No
47,60365,20,2,4,Yes,7,1,No
42,43434,10,2,2,No,3,6,No
30,38133,3,3,1,Yes,10,1,No
36,66401,35,4,4,No,4,6,No
54,44438,23,3,3,Yes,8,4,No
47,67083,20,2,4,Yes,8,6,No
27,61005,34,3,3,Yes,4,4,Yes
28,49592,14,3,4,No,10,5,Yes
49,20801,0,3,3,Yes,4,0,Yes
31,45075,7,2,4,No,5,6,No
21,17743,36,1,2,No,6,0,Yes
58,66488,34,4,3,Yes,5,1,No
30,46204,40,2,4,No,4,2,Yes
48,66299,14,4,3,No,9,2,No
47,35003,13,4,2,Yes,1,6,Yes
46,15793,11,4,3,Yes,6,4,Yes
55,35319,14,3,3,Yes,0,5,No
60,29639,26,3,3,Yes,6,3,Yes
22,35710,6,1,2,Yes,3,1,No
32,42185,10,3,3,Yes,4,5,Yes
46,15579,36,2,3,Yes,10,1,No
45,46805,20,1,3,No,9,6,Yes
37,57571,26,3,4,No,1,0,No
24,27317,13,3,4,Yes,2,6,No
54,72772,33,3,1,Yes,4,4,Yes
60,18126,24,2,3,Yes,6,5,Yes
23,38236,32,3,2,Yes,7,3,Yes
50,28672,15,2,3,No,0,0,No
34,68442,1,3,3,No,9,6,Yes
40,27795,32,1,3,Yes,4,2,Yes
25,78028,36,4,1,No,3,3,Yes
60,64513,35,3,2,Yes,1,4,Yes
52,37924,3,1,1,No,1,2,Yes
26,25047,39,4,2,No,3,3,No
25,78566,1,1,1,Yes,7,0,No
58,41489,40,1,1,Yes,4,2,No
58,29817,24,1,4,No,10,1,No
48,60964,38,2,1,Yes,4,1,Yes
52,42612,11,3,2,No,7,0,Yes
41,16420,12,2,1,Yes,7,6,Yes
33,26494,37,2,2,Yes,2,4,No
41,66581,33,4,1,No,1,2,Yes
60,57255,24,1,4,No,10,5,Yes
59,34761,5,1,2,Yes,8,2,Yes
35,65607,35,1,4,Yes,3,4,Yes
38,28644,15,1,3,No,0,4,Yes
21,67737,9,4,2,Yes,8,5,Yes
36,41114,29,3,1,Yes,2,0,Yes
60,24285,14,2,2,No,6,2,No
50,35749,30,3,1,Yes,7,3,No
49,43050,8,4,2,Yes,2,1,No
21,23027,30,3,3,Yes,8,0,No
30,77923,1,1,1,Yes,1,3,No
45,50592,18,2,4,No,1,3,No
51,19969,11,2,2,No,10,6,Yes
53,28838,17,4,4,No,8,0,Yes
47,66442,5,2,2,Yes,10,0,Yes
29,39475,4,1,4,No,6,6,Yes
45,63372,5,1,1,Yes,4,2,Yes
40,38390,37,1,4,No,7,4,No
24,54603,30,4,1,No,4,3,Yes
21,79786,19,4,2,Yes,8,6,Yes
28,35608,31,3,2,Yes,10,0,No
24,56555,17,4,4,Yes,2,2,Yes
43,26088,38,1,2,No,6,6,Yes
41,36493,25,3,2,Yes,8,0,No
53,22053,18,4,3,Yes,3,4,No
49,18166,29,3,2,No,10,2,Yes
28,68163,28,4,4,Yes,10,3,Yes
47,69379,19,1,2,Yes,7,0,No
48,20765,16,3,4,Yes,7,3,Yes
58,23894,10,4,3,Yes,8,0,No
38,58173,1,1,2,No,6,0,No
28,55911,10,2,3,Yes,7,3,Yes
42,49978,14,3,4,Yes,2,2,Yes
52,43289,29,1,1,Yes,0,0,Yes
59,56732,13,4,3,Yes,4,0,Yes
39,79183,12,1,3,Yes,1,2,Yes
42,38903,34,3,2,Yes,5,1,No
55,59273,7,2,1,No,5,1,No
31,36922,34,1,1,No,1,2,No
22,22421,34,4,2,Yes,3,6,No
47,63131,24,2,4,No,1,6,No
56,55724,9,4,1,Yes,7,4,No
31,17179,40,4,2,No,10,2,Yes
33,48399,36,1,4,No,3,3,No
35,76486,4,2,1,Yes,10,5,Yes
58,44088,14,4,4,Yes,4,2,Yes
34,46590,1,3,2,Yes,1,6,No
33,60253,29,2,4,Yes,4,4,Yes
53,52596,38,4,1,No,10,2,Yes
54,15749,38,1,1,Yes,9,6,No
49,77801,12,1,3,Yes,0,5,No
39,46157,6,3,2,No,10,6,Yes
22,60167,2,4,4,No,0,1,Yes
47,57775,23,1,3,Yes,3,2,No
29,49414,3,2,2,No,10,4,Yes
40,68594,8,3,1,No,7,5,Yes
37,65126,1,1,2,Yes,9,1,No
35,56140,5,4,3,No,7,4,Yes
58,54679,7,2,2,Yes,10,5,Yes
45,20679,14,1,1,No,3,1,No
39,55702,21,4,3,Yes,9,1,No
50,17779,32,3,1,Yes,8,1,No
60,56113,12,3,1,Yes,6,4,No
57,71772,24,3,1,Yes,6,1,Yes
44,18782,5,1,2,No,1,6,No
30,40353,24,3,4,Yes,8,4,Yes
33,39117,24,1,2,No,5,3,No
52,40055,24,1,2,No,4,6,Yes
43,48543,34,3,2,No,5,1,Yes
22,79572,40,2,4,No,9,4,Yes
27,47890,29,1,2,No,5,4,No
30,59015,30,1,3,Yes,1,3,No
29,44341,17,2,1,No,10,4,No
42,29174,30,2,4,Yes,9,3,Yes
38,57204,22,1,3,No,8,2,No
43,68732,25,1,1,Yes,7,0,No
21,28458,24,2,4,No,8,1,No
33,67633,13,2,4,No,5,1,No
38,38760,29,3,4,Yes,1,4,No
27,36617,40,4,4,No,7,4,No
23,67037,21,3,3,No,2,0,Yes
49,15679,2,2,2,No,2,3,Yes
47,68594,30,2,2,No,9,2,No
38,64646,12,1,2,No,4,6,Yes
30,78132,12,3,3,Yes,6,5,No
38,71158,36,3,1,Yes,8,0,Yes
27,18818,29,4,2,Yes,10,5,Yes
40,65228,20,4,1,No,0,6,Yes
20,69864,9,3,1,No,9,3,Yes
44,66917,0,4,4,Yes,8,6,No
33,70937,34,2,1,No,1,3,Yes
59,47707,12,4,3,No,6,1,Yes
40,26277,4,1,2,No,8,2,No
22,52870,38,4,1,No,4,0,Yes
21,78532,29,1,3,Yes,5,0,No
25,54288,16,2,4,Yes,1,5,No
56,15313,3,3,3,No,0,6,No
52,73541,14,3,1,No,10,0,Yes
40,28174,15,4,1,Yes,8,2,Yes
46,66387,12,1,2,Yes,7,6,No
36,67020,10,3,4,No,3,1,No
50,52117,27,1,3,No,0,2,Yes
38,72451,8,2,3,Yes,9,1,Yes
26,56810,9,2,1,Yes,3,0,Yes
47,31531,7,2,2,No,8,6,No
59,73265,11,2,1,No,10,2,No
30,55752,18,4,4,No,7,4,Yes
47,37469,31,2,1,No,1,4,Yes
34,23686,9,2,2,No,4,3,No
28,44400,25,2,2,No,8,5,Yes
43,20088,13,4,1,No,9,3,No
44,31594,35,1,2,No,8,5,Yes
28,30082,40,2,2,Yes,8,4,No
20,54809,27,4,4,No,1,3,Yes
23,20829,9,2,2,Yes,7,6,Yes
21,78491,9,3,2,No,8,5,Yes
43,43691,37,2,3,Yes,7,1,No
34,22159,15,2,2,Yes,10,0,Yes
49,67254,16,2,4,No,5,3,Yes
48,39023,13,1,2,Yes,5,1,No
47,16282,37,2,1,Yes,5,5,No
27,33526,33,2,2,No,10,2,No
57,28462,35,1,2,Yes,6,4,No
52,55783,40,3,3,Yes,10,4,No
20,63202,28,2,1,Yes,10,2,Yes
20,71283,23,4,3,No,5,2,No
23,55825,22,3,1,No,5,3,Yes
41,69277,25,2,2,Yes,0,1,Yes
53,54492,11,2,2,Yes,0,2,Yes
51,64751,8,1,4,No,1,6,Yes
24,64896,11,3,1,No,7,1,Yes
58,49244,0,1,1,No,4,2,No
38,18705,36,4,2,No,1,2,No
30,73756,14,2,1,Yes,1,5,No
33,63413,2,2,3,Yes,8,3,Yes
42,20013,11,1,3,Yes,7,4,No
54,79124,34,2,1,Yes,2,2,Yes
25,73049,36,1,1,Yes,6,1,Yes
39,26978,0,4,1,Yes,0,0,Yes
45,67809,13,4,4,No,10,0,Yes
37,71806,3,1,3,No,4,4,Yes
24,73491,4,3,3,No,9,6,Yes
34,58227,4,4,3,No,9,2,Yes
33,54681,9,2,3,Yes,1,3,No
38,66332,29,2,1,Yes,0,5,No
23,72719,14,2,2,No,2,5,No
54,79334,35,2,2,No,8,6,No
53,32257,18,2,2,Yes,1,2,No
58,74996,6,2,3,No,9,1,Yes
27,40464,18,2,3,Yes,2,3,No
49,73239,18,4,3,No,9,5,No
32,35379,30,1,1,No,4,6,No
21,20319,25,3,2,No,0,5,No
49,66834,2,1,2,Yes,7,0,No
30,29048,3,3,2,Yes,4,0,Yes
23,34344,3,3,2,No,8,6,Yes
29,37839,25,4,3,Yes,10,6,Yes
30,62722,24,2,1,Yes,4,5,No
20,64952,15,1,4,No,10,4,Yes
53,38419,10,2,4,No,10,5,Yes
48,42068,26,4,3,No,5,3,Yes
60,36190,14,4,3,No,7,4,No
39,20691,7,4,1,No,0,2,Yes
39,28681,18,4,2,Yes,9,0,Yes
23,27965,19,2,3,Yes,5,0,Yes
55,34061,7,2,2,No,9,0,Yes
53,60052,11,1,4,No,9,4,No
47,31367,2,2,2,No,9,1,No
52,75196,12,3,2,Yes,5,4,Yes
50,33835,13,1,1,No,8,0,Yes
39,58841,13,3,3,No,1,4,Yes
45,21159,25,1,4,No,6,2,Yes
56,62095,30,3,2,Yes,4,5,No
22,56493,3,3,3,Yes,6,1,Yes
22,22284,9,4,1,No,8,5,No
36,42417,8,2,3,Yes,2,3,Yes
20,75944,34,4,2,No,6,2,Yes
21,38993,25,4,3,No,5,0,No
41,44631,24,2,4,No,2,1,No
24,28139,21,2,2,Yes,6,0,Yes
51,22387,1,4,1,No,6,0,No
26,60361,37,1,2,No,7,3,Yes
59,31089,26,4,1,Yes,4,2,Yes
41,58955,35,4,1,No,8,4,No
50,54852,33,1,4,No,5,5,Yes
35,29729,36,4,2,No,5,1,No
28,18366,14,2,2,No,5,1,No
27,62632,33,4,2,Yes,8,1,Yes
20,47072,16,4,2,No,1,0,No
33,73201,37,2,3,No,0,2,No
43,79883,26,1,1,No,10,0,No
51,73004,7,1,2,Yes,10,1,Yes
57,48165,23,3,1,No,4,3,No
53,16128,10,3,3,Yes,0,5,No
42,45775,33,4,1,No,5,3,Yes
24,67327,15,3,2,Yes,3,0,Yes
40,78999,5,4,2,Yes,7,5,No
20,79870,17,1,1,Yes,3,1,No
25,36162,36,2,1,No,4,1,Yes
53,45387,18,3,1,Yes,2,4,Yes
44,71657,12,2,3,Yes,7,0,No
25,45842,2,2,2,Yes,3,4,No
37,77499,2,3,1,Yes,2,0,No
53,37865,33,3,2,Yes,7,2,No
42,74613,18,2,4,Yes,6,6,No
59,67238,32,3,4,Yes,5,1,No
46,36686,40,1,1,No,0,6,Yes
53,53253,13,4,1,No,4,3,Yes
23,45961,31,2,2,Yes,9,0,Yes
46,73232,19,4,4,No,2,3,No
28,19758,32,2,3,No,1,3,Yes
40,64723,2,4,2,No,2,2,Yes
43,77254,11,4,4,Yes,6,6,Yes
29,74190,13,3,2,Yes,1,5,No
52,32895,36,2,3,No,7,4,Yes
36,19266,17,3,4,Yes,5,5,No
28,64464,24,1,4,No,10,0,No
53,57523,14,4,2,Yes,3,0,No
39,35019,23,1,4,No,4,4,Yes
22,69759,16,3,3,No,10,0,No
33,15556,17,2,2,Yes,3,3,Yes
53,40736,14,4,1,No,2,2,Yes
28,51998,21,1,1,No,10,0,No
49,24147,38,1,2,No,10,6,Yes
32,22945,25,2,4,Yes,0,4,No
59,64043,1,4,2,Yes,10,4,Yes
53,24115,0,1,4,No,4,5,Yes
34,15637,26,2,4,No,5,1,No
47,72201,2,3,2,Yes,7,0,No
27,79951,12,3,2,No,2,4,No
58,22760,34,3,1,Yes,1,1,Yes
58,61152,28,3,1,No,8,0,Yes
48,74681,8,4,4,No,1,0,No
24,38973,37,3,2,Yes,5,2,No
45,63445,14,1,2,No,6,4,Yes
27,44082,33,1,3,Yes,9,2,Yes
55,25278,22,2,2,No,1,1,Yes
20,66393,4,4,1,No,1,2,Yes
40,16072,16,2,4,Yes,1,6,No
37,78761,29,1,2,No,5,2,Yes
32,15967,12,2,4,No,1,5,Yes
29,70432,29,4,2,No,1,5,No
57,59348,15,1,2,Yes,1,6,Yes
52,17511,33,2,2,Yes,7,0,No
30,68786,24,1,2,No,0,1,No
23,27840,39,1,4,No,0,2,No
48,60257,7,3,1,No,1,3,No
32,42402,31,1,2,No,0,3,No
28,79699,27,2,1,Yes,10,6,Yes
44,44487,31,1,2,No,1,6,Yes
42,37297,29,3,3,Yes,10,0,Yes
30,73831,35,2,1,Yes,3,1,No
53,61217,34,3,4,Yes,2,2,Yes
26,39979,25,2,1,No,0,6,No
24,60021,32,1,1,Yes,9,1,Yes
29,17933,34,2,1,Yes,0,2,Yes
47,26914,7,1,1,Yes,8,3,Yes
47,71882,12,3,2,Yes,1,1,No
39,74030,26,3,3,Yes,8,4,Yes
60,33148,29,3,3,Yes,5,0,Yes
39,52534,15,3,1,Yes,9,5,No
60,56747,16,4,4,No,0,3,Yes
20,51139,21,2,2,Yes,0,2,No
59,59961,16,3,2,Yes,9,0,Yes
33,17653,0,1,2,No,5,5,Yes
35,31492,18,4,1,Yes,2,4,Yes
39,76890,0,3,2,No,4,5,Yes
41,59359,28,1,1,No,9,2,Yes
32,45534,24,2,2,Yes,8,0,No
33,70895,39,1,4,Yes,6,3,No
38,59239,16,1,1,No,9,0,Yes
31,78184,30,2,4,Yes,4,1,No
54,77941,37,2,3,Yes,3,5,Yes
31,61404,24,2,4,No,0,6,No
20,41168,29,2,1,No,4,1,No
20,65465,13,4,3,Yes,6,2,No
25,19989,35,3,2,No,9,4,No
38,39411,30,3,2,Yes,4,6,No
34,26576,29,1,3,Yes,4,1,No
37,75845,21,4,3,No,3,4,Yes
22,73995,29,2,1,Yes,5,1,No
41,52152,30,3,4,Yes,2,5,No
59,24129,10,4,2,No,5,3,No
25,53505,10,1,1,Yes,5,1,Yes
40,73521,19,1,4,Yes,1,5,No
39,42070,4,2,1,Yes,3,5,No
41,37464,26,2,3,No,2,1,No
47,72978,6,1,4,Yes,3,2,Yes
51,65252,32,1,4,Yes,3,4,No
39,70140,34,2,3,No,0,5,No
41,44064,33,3,1,Yes,1,6,No
34,62689,8,2,2,Yes,3,0,Yes
25,41068,40,3,4,No,10,2,No
25,40002,22,1,3,Yes,2,5,Yes
45,48922,12,4,4,Yes,4,4,Yes
49,32925,13,3,4,No,1,1,Yes
47,30950,31,4,3,No,2,3,No
20,63794,2,1,4,No,6,6,No
33,27804,14,3,3,No,3,3,No
47,41941,2,4,4,No,4,0,No
40,68720,32,4,4,No,2,1,Yes
21,38548,0,3,1,No,1,5,No
32,31159,19,4,4,No,7,6,Yes
20,15809,39,1,2,Yes,10,2,No
47,72781,30,3,1,No,0,3,Yes
28,30173,30,3,2,Yes,6,3,Yes
46,78465,7,1,4,Yes,10,1,No
28,73667,17,4,1,Yes,4,1,Yes
51,35731,17,2,2,Yes,0,6,Yes
33,71609,0,1,4,Yes,7,2,No
42,34638,2,2,4,Yes,7,1,Yes
47,53431,31,2,3,Yes,1,3,No
29,45087,2,2,1,Yes,2,1,No
23,20308,8,3,2,Yes,1,5,No
31,78717,16,4,1,Yes,7,6,No
57,50644,24,1,1,Yes,6,2,No
43,57446,13,4,2,Yes,2,5,No
52,20519,15,3,1,No,0,5,No
26,54896,14,3,4,Yes,2,1,Yes
27,51216,26,4,3,Yes,3,6,No
37,63796,37,1,3,No,3,6,Yes
20,55575,27,4,3,Yes,9,2,Yes
29,33403,1,3,2,Yes,5,2,No
34,58047,3,1,4,Yes,7,6,Yes
22,64743,27,4,2,No,8,5,No
39,37991,23,1,2,Yes,4,6,Yes
60,25552,29,2,1,No,5,3,Yes
26,56448,24,3,1,No,3,4,No
44,65180,17,4,4,No,6,5,No
20,47427,30,3,4,No,1,6,No
54,37953,0,4,2,No,10,0,Yes
56,53796,25,1,1,No,1,3,No
27,34063,1,1,1,Yes,3,1,Yes
39,29504,20,1,4,No,7,3,Yes
31,66519,32,4,1,No,10,6,No
39,75664,19,2,1,No,0,5,Yes
44,39035,11,4,4,No,9,2,Yes
35,65265,0,2,3,Yes,9,4,No
47,78584,10,4,2,No,0,0,No
57,59810,33,4,2,No,2,6,Yes
53,37162,20,1,4,Yes,3,3,No
60,66754,38,1,1,No,10,0,No
40,51625,15,2,3,No,0,5,No
44,50090,14,1,1,Yes,0,2,No
60,49560,21,3,2,Yes,6,4,No
55,73077,29,3,4,Yes,9,4,No
34,78103,22,2,3,Yes,9,3,Yes
55,73999,3,1,4,Yes,3,4,No
39,71153,19,1,4,No,2,0,No
45,65156,0,3,1,No,8,2,No
33,73616,5,2,3,No,3,2,No
26,57075,39,4,3,Yes,8,0,No
40,71121,16,2,4,Yes,9,5,No
49,27204,4,4,1,Yes,5,1,Yes
36,15060,24,4,3,No,2,0,No
44,19038,6,1,2,Yes,5,6,Yes
24,24279,17,4,4,No,8,4,No
37,73267,36,1,3,No,9,2,No
25,18702,9,2,1,Yes,3,3,No
48,23231,30,2,1,No,10,6,No
52,23753,22,2,3,Yes,6,6,No
37,44208,2,4,3,No,5,5,No
29,45757,25,1,1,No,3,5,No
46,25529,16,1,4,No,2,5,Yes
42,67475,26,4,3,No,8,1,No
35,58232,19,4,1,Yes,2,5,Yes
34,62649,5,4,1,Yes,2,6,Yes
60,25947,37,4,1,Yes,4,0,Yes
27,21767,7,4,2,No,0,1,No
27,50026,35,4,3,No,0,2,No
54,77253,2,4,2,Yes,1,3,Yes
42,28393,4,3,2,Yes,0,2,No
52,16468,19,1,4,No,5,4,Yes
42,29045,21,3,1,No,4,2,No
33,28634,6,3,1,Yes,3,6,No
45,28156,11,4,4,Yes,0,0,Yes
30,61843,13,4,1,No,4,1,Yes
28,71511,3,4,1,Yes,0,2,No
21,35685,29,4,4,No,4,5,No
40,35163,28,1,3,No,0,0,No
60,49723,36,4,1,No,1,6,Yes
29,52112,38,2,3,No,2,0,Yes
23,36956,25,2,2,No,1,4,No
57,53113,6,1,1,Yes,9,2,Yes
23,16972,34,3,4,No,9,5,No
42,31468,15,2,4,Yes,7,2,Yes
25,71161,1,3,4,No,3,5,No
38,21465,0,2,1,Yes,2,4,No
40,20124,32,1,2,Yes,0,0,Yes
50,59007,32,1,2,No,1,1,No
53,62238,30,2,2,Yes,9,4,No
57,78715,25,4,3,Yes,6,4,No
33,50075,29,4,1,No,4,4,Yes
23,21614,24,1,1,Yes,10,5,No
54,67605,7,4,1,No,7,5,Yes
36,65235,33,4,1,Yes,4,0,No
43,33159,35,4,1,Yes,7,1,No
34,41312,20,2,4,Yes,2,0,No
24,36787,28,2,1,No,9,3,Yes
43,71036,23,2,3,No,7,5,Yes
55,43653,33,4,2,No,2,6,Yes
43,54222,0,4,4,No,8,6,No
60,68923,3,2,2,Yes,1,6,Yes
47,75792,28,1,2,No,7,5,Yes
42,22532,8,2,2,No,10,0,Yes
49,17470,21,3,3,Yes,1,6,No
46,77335,39,4,3,No,4,2,No
24,40218,9,4,1,Yes,7,5,No
28,78304,26,4,3,No,9,6,No
44,68219,0,2,4,Yes,1,1,No
42,62223,1,1,4,No,10,6,Yes
49,43220,8,4,1,Yes,0,6,Yes
57,25556,27,4,3,Yes,8,3,Yes
30,57584,7,4,1,No,2,1,No
56,65942,12,3,4,Yes,2,4,Yes
54,41431,33,1,2,No,3,5,No
60,60945,24,4,3,Yes,4,3,Yes
24,19933,14,3,4,No,6,5,Yes
57,40291,4,2,3,Yes,0,6,Yes
32,58975,18,1,3,Yes,0,5,Yes
50,31133,9,4,3,Yes,4,0,No
55,65000,30,2,3,No,9,3,No
55,41840,30,2,2,No,9,6,No
26,25716,5,4,4,No,2,1,Yes
40,66872,27,4,2,No,8,1,No
31,21879,30,1,2,Yes,4,5,No
26,67925,36,4,3,Yes,2,5,No
22,40356,38,3,3,Yes,4,1,No
30,41416,13,3,3,No,7,6,No
36,49161,2,1,4,Yes,10,4,No
46,70287,20,2,3,Yes,3,4,Yes
56,31471,26,4,3,Yes,7,3,No
47,55819,39,1,3,No,2,6,Yes
53,43535,28,1,2,No,7,3,Yes
39,66053,10,2,2,No,6,2,Yes
33,75171,9,2,4,No,7,6,No
21,74087,19,2,2,Yes,1,3,No
48,18244,8,1,4,No,10,5,No
59,67530,26,2,3,Yes,10,4,No
27,66781,2,4,1,Yes,1,2,No
36,47559,2,3,4,No,0,5,Yes
43,39465,15,1,3,No,2,3,No
52,19538,27,3,1,Yes,4,4,Yes
55,21367,7,4,3,Yes,4,0,No
35,44541,38,3,1,Yes,10,0,No
51,69692,18,4,1,No,3,0,Yes
45,51548,39,1,3,No,9,2,No
21,43292,40,4,1,No,4,4,Yes
57,51790,31,2,1,No,0,5,No
41,30413,24,2,2,Yes,8,4,Yes
54,26786,0,1,4,No,5,2,Yes
40,38622,8,1,3,No,7,6,Yes
20,47542,19,2,3,No,7,1,No
20,43050,37,4,2,No,8,4,Yes
45,41020,34,1,2,Yes,2,2,Yes
59,58444,40,3,3,No,9,1,Yes
31,19024,38,1,2,Yes,9,5,Yes
41,46897,14,4,1,Yes,2,1,No
24,36927,21,4,3,Yes,6,5,Yes
24,38344,10,4,2,Yes,0,2,Yes
33,31157,16,2,1,Yes,6,3,Yes
59,44584,26,4,3,Yes,3,6,Yes
48,69794,11,4,3,Yes,3,4,No
41,38137,0,3,1,Yes,9,0,No
53,55528,25,1,4,No,10,4,No
26,38589,5,4,2,Yes,6,2,Yes
44,21790,37,2,2,Yes,1,2,Yes
51,26771,20,1,2,No,4,6,No
57,40422,9,1,4,Yes,10,3,No
38,16065,4,2,3,Yes,5,5,Yes
43,68381,12,1,2,No,8,6,Yes
26,20186,3,4,2,Yes,1,0,Yes
23,35110,17,2,4,Yes,0,1,Yes
39,28518,16,1,1,Yes,3,4,No
28,40301,35,3,1,Yes,9,3,No
60,68292,31,1,4,No,5,6,Yes
20,15325,20,3,1,Yes,9,1,No
43,52266,32,3,4,Yes,3,4,Yes
46,31558,4,2,4,Yes,9,2,Yes
38,22051,4,1,2,Yes,4,3,Yes
37,15420,30,2,4,Yes,1,1,No
54,60125,9,2,1,Yes,5,2,No
32,77392,35,2,3,Yes,4,3,Yes
26,58918,2,3,1,No,6,0,Yes
41,75673,4,2,3,No,10,2,No
50,39499,5,2,2,No,9,1,No
36,29223,37,2,2,No,10,5,No
22,30114,33,1,4,No,7,3,No
56,55499,39,2,4,Yes,0,6,Yes
59,15707,9,2,2,Yes,3,2,No
29,35030,26,2,2,Yes,9,0,Yes
35,55802,17,4,1,No,6,3,Yes
38,73067,2,3,3,Yes,10,2,Yes
43,61803,27,3,4,Yes,2,1,Yes
33,25373,34,1,4,No,0,3,No
35,55720,37,2,4,No,6,4,Yes
47,58125,30,3,4,Yes,6,1,Yes
37,65816,24,4,2,No,7,2,Yes
55,28789,18,2,1,No,2,5,Yes
34,71297,31,4,4,No,6,3,No
52,72972,37,3,4,No,9,0,Yes
33,54727,9,1,4,Yes,4,5,Yes
59,22777,6,1,2,Yes,0,3,No
33,29931,40,3,4,No,3,5,Yes
56,28225,27,2,3,Yes,2,3,No
55,43852,22,2,3,No,2,6,Yes
59,59883,17,4,4,No,2,3,Yes
35,18344,6,1,2,Yes,1,5,No
23,34205,26,2,1,Yes,7,0,No
36,73649,31,3,3,Yes,4,4,Yes
49,23474,3,4,3,No,4,1,Yes
50,74249,19,1,4,No,6,0,Yes
28,43776,17,4,3,Yes,7,1,No
54,40447,40,1,4,Yes,0,1,Yes
51,62311,8,4,1,Yes,0,0,No
36,17896,10,1,3,No,9,4,No
32,63557,18,3,3,No,4,4,No
23,30754,38,1,1,No,0,1,Yes
34,57288,24,1,1,Yes,8,4,Yes
52,22397,17,4,1,Yes,5,4,No
33,21564,9,2,1,Yes,1,6,Yes
44,19960,7,1,4,Yes,3,2,No
57,18772,4,2,3,Yes,4,4,No
44,50285,19,4,4,Yes,9,0,Yes
38,50906,38,4,3,No,6,6,No
26,18993,4,1,4,No,10,6,No
40,60049,31,4,2,Yes,0,2,No
31,22447,0,4,1,No,5,6,No
39,46695,27,1,4,No,5,5,No
48,66734,33,3,1,No,5,1,No
38,57463,17,4,1,No,1,2,Yes
39,16215,20,4,1,Yes,5,5,No
22,59123,12,2,2,No,7,1,No
54,78287,31,2,4,Yes,5,0,No
23,56614,19,1,1,Yes,5,6,Yes
38,69872,13,1,4,No,8,0,No
44,37562,11,1,4,Yes,4,3,Yes
31,41023,11,3,2,Yes,2,2,No
46,29718,32,3,3,Yes,2,3,Yes
57,47135,21,3,4,No,7,6,Yes
36,35038,40,4,2,Yes,10,3,No
41,66743,1,3,2,No,7,2,No
27,78168,23,4,3,No,7,2,No
32,24779,30,2,3,Yes,3,6,Yes
29,74651,20,1,1,Yes,2,4,No
48,62407,2,4,2,Yes,10,5,No
24,45489,8,2,1,No,3,5,No
59,52344,17,2,2,No,5,5,Yes
42,74153,29,2,2,Yes,5,4,No
45,70441,31,1,3,Yes,10,6,No
45,60575,31,4,3,Yes,5,6,Yes
39,56482,19,4,4,Yes,4,4,Yes
25,41925,31,1,1,No,9,2,No
51,45080,27,1,4,Yes,1,4,No
24,41128,27,4,1,No,9,2,No
45,48099,21,1,4,Yes,3,4,Yes
27,64680,1,1,2,Yes,5,6,No
60,15637,36,2,3,No,5,4,No
38,77526,15,4,4,No,9,5,Yes
55,20136,1,4,3,Yes,1,6,Yes
42,63196,19,1,2,No,4,2,Yes
24,49929,34,2,4,Yes,1,5,No
24,79265,27,1,3,No,5,4,No
31,60142,40,4,4,No,1,4,Yes
30,78695,12,2,2,No,8,1,No
59,65796,37,1,3,No,10,6,No
53,26351,7,4,4,No,2,2,No
25,59811,5,3,2,No,3,4,Yes
31,55463,17,2,4,No,5,6,No
53,70584,1,4,3,Yes,3,1,Yes
41,67292,5,2,1,No,3,1,No
30,61055,26,4,4,Yes,8,5,Yes
46,40584,1,2,4,Yes,2,2,No
26,51644,20,1,3,No,6,4,No
35,48254,34,4,3,Yes,6,0,No
32,48239,21,2,2,Yes,6,1,No
30,32962,8,2,4,No,2,1,No
27,34663,4,4,2,No,5,0,Yes
44,70339,14,3,2,Yes,8,5,No
56,66456,0,3,1,No,5,2,No
49,28093,23,1,2,No,9,0,No
25,55567,18,4,3,Yes,7,5,Yes
29,39247,10,1,3,No,2,2,No
54,79490,20,4,1,No,0,6,Yes
28,62385,11,4,1,Yes,1,5,No
39,61010,1,3,4,Yes,0,5,No
58,37177,39,1,1,No,9,6,Yes
23,60364,14,2,3,No,6,0,No
52,28712,4,3,4,No,7,0,Yes
38,34012,25,3,2,No,10,3,No
39,38836,28,2,4,Yes,4,6,No
49,67856,5,3,2,No,7,3,Yes
34,37805,37,4,1,Yes,1,0,Yes
53,48310,39,3,2,No,5,3,Yes
37,56431,12,3,1,Yes,2,3,Yes
42,24184,24,4,3,No,4,4,Yes
24,72528,22,3,2,No,6,5,No
50,72874,20,4,2,Yes,6,6,No
35,42627,19,4,3,No,4,4,No
28,21124,16,2,4,Yes,2,6,Yes
26,51485,9,4,2,No,7,4,Yes
34,23197,26,3,1,No,6,1,No
37,79871,30,1,2,Yes,7,1,No
36,71169,12,3,3,Yes,4,0,No
35,50982,16,2,3,Yes,3,4,No
26,46813,17,2,3,No,1,3,No
52,34591,32,3,3,Yes,1,3,No
29,71347,4,3,3,No,9,6,No
34,70250,24,4,1,Yes,4,4,Yes
51,70433,0,2,3,No,4,4,Yes
39,20004,30,3,4,No,9,1,Yes
60,49826,19,4,4,Yes,4,2,No
33,37115,6,4,4,No,0,6,No
33,69563,4,2,1,Yes,1,2,Yes
29,39745,21,4,3,No,4,5,No
39,79542,17,2,4,Yes,9,5,Yes
41,34302,29,1,2,No,3,4,Yes
31,40213,38,3,1,No,4,5,Yes
36,61816,9,3,1,Yes,9,1,Yes
55,17928,13,2,1,Yes,6,2,Yes
53,78006,5,2,1,No,10,3,Yes
44,53019,13,2,4,Yes,0,2,Yes
54,52599,36,1,2,No,5,4,No
60,75554,24,4,3,No,3,2,Yes
58,45438,8,1,3,No,8,2,No
28,34816,40,3,2,Yes,8,4,Yes
20,26507,3,1,4,Yes,7,0,No
55,42588,30,2,1,Yes,6,3,Yes
52,36166,33,4,1,No,5,2,Yes
24,23750,38,3,3,No,3,0,Yes
54,26767,17,3,2,Yes,2,4,Yes
56,49440,11,4,3,Yes,7,1,No
48,24683,22,2,2,Yes,9,3,Yes
40,73109,6,3,4,No,10,5,No
40,44867,4,3,2,No,7,2,Yes
39,47583,0,1,2,Yes,4,2,Yes
60,74557,23,3,1,Yes,10,5,Yes
31,36533,10,2,2,Yes,1,6,No
45,49714,8,3,2,No,9,1,Yes
33,61567,31,2,3,No,4,5,Yes
27,69495,2,1,3,No,3,2,Yes
46,50717,25,3,3,No,7,3,No
48,15060,21,2,2,No,0,4,No
24,56568,1,3,2,Yes,7,2,No
25,54871,2,3,4,Yes,7,3,Yes
53,16546,19,4,2,No,9,2,Yes
39,71717,3,3,3,Yes,8,5,No
58,15480,10,3,1,Yes,1,5,No
21,28101,10,2,4,Yes,4,3,No
46,64343,7,1,1,Yes,0,2,Yes
27,42979,32,3,2,No,9,3,No
25,71531,24,1,3,Yes,1,5,No
54,59822,9,3,4,No,10,5,No
46,29668,38,3,1,No,0,6,No
45,18590,9,4,3,Yes,10,4,Yes
40,42264,13,1,4,No,6,1,No
31,23639,26,1,3,Yes,10,0,Yes
53,37675,17,2,1,Yes,6,5,Yes
44,39914,18,2,2,Yes,5,5,No
49,39769,11,1,4,Yes,6,4,No
33,78935,37,4,2,No,0,2,Yes
53,30153,4,3,1,No,0,2,Yes
42,71494,10,4,3,No,5,1,Yes
60,15012,22,1,3,No,1,6,No
53,46965,28,2,2,No,0,1,Yes
27,24622,3,2,1,No,4,0,Yes
46,75392,33,3,1,No,10,2,Yes
39,41023,29,1,3,Yes,8,5,No
39,39774,2,1,3,Yes,3,0,No
40,77004,4,3,2,No,8,2,Yes
41,33261,2,1,4,No,7,1,Yes
51,59698,19,2,4,No,10,0,No
56,60221,19,1,1,Yes,1,3,Yes
36,21023,18,2,2,Yes,2,4,No
54,62867,5,3,2,No,7,4,Yes
38,63002,25,3,4,Yes,8,4,No
27,40544,11,4,2,No,10,5,Yes
23,68120,33,4,1,Yes,2,3,Yes
56,35771,11,2,1,No,8,2,No
36,24999,31,2,1,Yes,7,3,Yes
33,15179,11,1,4,Yes,8,1,Yes
45,73978,9,1,3,Yes,2,1,No
42,21604,30,1,1,No,4,5,Yes
42,77385,17,2,3,No,7,4,No
56,79218,1,1,4,Yes,6,3,Yes
27,65311,28,2,2,No,6,5,Yes
27,63675,26,1,3,No,1,4,No
56,67375,30,1,1,No,6,1,Yes
41,70141,10,3,3,Yes,2,5,No
55,63077,34,3,1,No,2,3,Yes
41,26534,40,1,2,Yes,7,4,Yes
38,24890,25,3,4,Yes,5,3,No
33,17992,35,1,4,No,8,3,No
23,69731,6,3,3,No,2,6,Yes
29,55161,35,3,4,No,0,6,Yes
57,59004,38,4,4,Yes,3,3,No
20,33024,33,1,4,No,10,3,Yes
53,59532,15,4,2,Yes,5,4,Yes
43,60313,5,1,4,No,5,3,No
20,70880,18,2,2,No,3,6,Yes
43,65123,11,1,1,No,5,4,Yes
35,49608,2,4,3,No,4,0,Yes
23,26793,3,2,4,Yes,4,3,Yes
36,16670,22,4,1,No,3,3,No
55,15962,14,3,3,No,7,3,Yes
54,23026,35,2,3,Yes,8,4,No
26,58404,40,4,4,No,8,3,No
34,64309,0,4,3,No,10,2,No
52,43153,22,2,1,Yes,8,4,No
35,59857,30,3,1,Yes,4,4,No
39,52478,40,1,3,Yes,8,0,No
47,72917,4,3,4,Yes,10,4,No
53,51561,4,1,1,No,10,0,No
46,72150,1,1,2,No,10,0,No
27,74773,15,1,3,Yes,8,4,Yes
45,62747,31,4,4,No,9,5,Yes
20,79993,26,4,1,Yes,4,1,No
30,71888,29,4,4,Yes,10,6,No
38,47738,29,4,3,Yes,0,0,No
31,30614,6,3,1,No,8,3,No
43,29648,30,2,4,Yes,3,2,Yes
54,42290,10,1,1,Yes,10,6,Yes
40,48547,8,3,3,No,10,6,Yes
27,19902,22,1,3,No,7,0,Yes
59,67921,18,4,4,No,3,3,No
43,28479,34,1,2,Yes,9,1,No
39,77534,36,4,1,Yes,6,5,Yes
58,75752,20,4,1,No,9,4,Yes
55,51814,29,1,1,Yes,4,6,No
41,15860,0,4,2,No,6,1,No
41,72163,29,2,1,Yes,8,6,No
52,72858,35,1,2,No,9,2,Yes
54,48594,22,4,4,Yes,0,6,Yes
37,33116,34,3,3,Yes,0,5,Yes
41,19570,19,4,4,Yes,5,3,Yes
37,38385,39,3,2,Yes,1,3,Yes
38,76912,2,3,2,No,4,1,No
50,60425,40,4,2,No,0,1,Yes
49,15605,25,3,1,Yes,9,4,Yes
30,62771,9,3,4,No,4,3,Yes
24,52742,40,3,2,Yes,3,0,No
59,65833,34,3,1,Yes,5,2,Yes
44,57960,28,3,4,No,9,4,No
39,53994,19,2,4,Yes,7,5,Yes
44,40201,21,2,3,No,6,5,Yes
44,28457,5,2,4,No,9,6,No
24,22272,27,3,3,Yes,7,3,Yes
52,79199,10,4,4,Yes,9,3,No
26,57147,1,4,4,No,4,4,No
30,29644,27,3,3,No,9,2,Yes
57,25548,39,2,3,Yes,8,1,Yes
46,55855,3,4,3,No,8,0,Yes
55,42187,9,1,1,No,10,2,Yes
58,16426,11,2,4,Yes,5,1,Yes
20,18015,14,1,2,No,1,3,Yes
22,62508,25,4,3,No,5,3,Yes
33,56768,10,3,1,No,4,0,Yes
38,79084,39,1,2,No,6,3,Yes
35,21331,34,2,1,Yes,1,3,Yes
36,17377,31,3,4,Yes,2,0,Yes
60,67198,35,3,4,No,7,0,No
28,60704,34,2,2,No,9,4,No
56,17096,32,3,1,No,9,3,Yes
23,16726,28,1,4,Yes,8,6,Yes
27,41774,23,3,2,Yes,4,4,No
50,16848,8,2,2,No,10,4,No
26,23082,30,2,4,No,7,1,Yes
35,79826,15,1,3,No,6,2,No
55,67026,39,2,1,Yes,3,3,Yes
32,50905,14,3,1,Yes,8,5,No
55,23686,27,1,4,No,8,5,Yes
34,65333,39,4,2,No,3,6,No
34,67245,36,2,3,No,2,3,Yes
37,24092,9,3,3,Yes,4,6,No
36,75109,15,3,3,No,9,4,Yes
21,38984,31,4,4,Yes,3,6,Yes
34,62605,4,1,4,No,1,6,Yes
31,52315,18,4,2,Yes,9,1,Yes
22,53949,22,1,4,Yes,3,6,No
22,42117,20,3,4,Yes,5,3,No
52,70905,40,4,4,Yes,8,5,Yes
29,33988,18,3,1,No,6,4,Yes
39,19737,17,1,4,No,0,0,Yes
33,45515,0,3,1,No,2,6,Yes
31,22550,26,4,2,No,1,3,Yes
32,22398,17,2,3,Yes,2,6,Yes
44,42979,31,2,1,No,3,0,No
29,32533,18,3,4,Yes,7,0,No
59,56691,9,2,3,No,5,2,No
24,63321,25,2,2,No,2,1,No
24,24138,1,3,3,Yes,9,3,Yes
46,19008,31,4,3,Yes,7,2,Yes
25,35232,19,3,3,Yes,3,5,Yes
59,65512,34,3,2,Yes,7,0,Yes
41,72486,0,4,4,No,1,4,Yes
37,74710,17,2,2,Yes,8,0,No
54,67234,35,4,1,No,5,3,Yes
36,79766,34,3,3,Yes,5,2,No
50,70315,40,1,3,Yes,5,5,No
40,38270,39,2,1,Yes,10,6,Yes
43,38029,36,2,4,Yes,10,5,No
60,49987,31,1,4,No,0,1,Yes
25,54135,6,3,3,No,0,4,Yes
25,36885,19,4,2,Yes,7,2,No
57,22932,20,4,2,Yes,8,5,No
35,31087,24,1,3,No,5,6,No
24,59044,16,4,4,Yes,10,6,Yes
32,19507,1,3,2,No,6,3,No
34,79663,18,2,4,Yes,5,5,No
55,53477,18,4,2,No,6,2,No
34,73394,22,4,4,No,1,6,Yes
50,79581,38,2,3,No,4,0,No
39,49209,0,4,4,Yes,4,1,No
36,28114,30,4,2,Yes,6,4,Yes
59,28184,18,1,3,No,7,5,No
34,79686,4,4,4,No,9,6,No
60,31385,18,3,2,No,0,0,Yes
25,24151,10,2,1,No,7,4,No
22,35610,9,3,1,No,0,0,No
26,31556,35,4,1,No,7,0,Yes
30,69361,3,4,4,Yes,0,4,Yes
48,19255,2,4,3,Yes,4,3,No
25,77617,25,3,1,Yes,7,4,Yes
23,36268,7,1,2,Yes,5,6,Yes
34,18691,27,3,3,Yes,8,4,Yes
43,46195,18,4,1,Yes,9,3,Yes
39,17775,31,3,3,Yes,5,1,No
25,31245,28,4,2,Yes,3,4,Yes
21,17311,31,3,1,Yes,2,4,Yes
51,40888,7,3,4,No,1,6,No
46,33024,9,1,3,No,0,6,No
49,16445,22,1,3,No,6,3,Yes
25,51834,30,3,1,Yes,10,4,Yes
60,32033,2,3,1,Yes,7,6,No
46,17258,17,2,4,Yes,10,2,Yes
58,71062,1,3,2,Yes,8,6,Yes
23,77622,13,2,2,No,0,0,Yes
25,79626,25,1,1,Yes,7,1,No
26,79705,32,4,1,No,9,1,No
41,45624,38,3,2,No,0,6,No
55,52702,4,1,3,Yes,10,6,Yes
48,49424,22,3,4,Yes,0,4,Yes
48,50579,30,3,2,Yes,4,5,Yes
25,71661,33,1,2,No,4,5,Yes
42,62258,28,2,1,Yes,5,2,Yes
34,21723,0,1,4,No,4,0,No
48,50465,32,1,2,No,8,0,No
50,23660,11,3,2,Yes,7,4,No
56,66411,17,1,4,Yes,9,6,Yes
27,79541,3,2,1,No,7,3,No
27,20075,18,4,2,Yes,3,2,Yes
45,51267,16,1,1,No,3,1,Yes
26,35082,11,1,1,No,6,4,No
48,44625,25,1,4,Yes,2,1,No
51,55493,7,2,2,No,4,3,No
40,45009,33,4,3,Yes,10,6,No
47,55059,15,1,4,No,10,6,Yes
40,62325,32,1,4,Yes,7,3,No
56,42142,35,3,4,Yes,10,4,No
44,72260,19,4,1,Yes,5,4,Yes
30,68681,19,1,1,No,4,1,No
31,69822,22,4,3,Yes,4,0,No
60,19899,17,2,4,No,8,1,No
40,28123,31,1,2,No,4,5,No
44,18391,4,1,3,No,1,5,Yes
48,59649,1,3,4,No,0,3,No
59,17585,28,3,2,Yes,4,1,No
48,57546,25,2,2,No,5,0,Yes
27,65006,28,2,4,Yes,1,3,Yes
44,60518,23,2,4,No,9,3,No
42,68696,35,1,3,Yes,0,4,No
53,47560,1,1,2,Yes,5,4,No
42,46546,4,2,4,No,1,2,No
43,23061,31,2,1,Yes,0,0,Yes
51,27193,40,4,4,No,3,4,No
49,23126,14,1,3,No,2,0,Yes
53,50671,33,2,2,No,4,3,No
51,26899,20,2,4,Yes,3,1,No
30,18139,34,4,2,No,1,6,Yes
56,76854,0,2,1,Yes,8,1,No
38,77674,24,2,4,Yes,2,3,Yes
32,77633,2,3,3,No,1,0,Yes
43,65255,37,4,3,Yes,6,0,No
38,33001,24,3,1,No,9,0,Yes
31,71360,33,4,4,No,4,3,No
54,47204,9,1,2,Yes,6,0,No
57,50979,24,3,1,Yes,1,3,Yes
53,28152,34,1,4,No,0,4,No
36,60165,5,2,1,No,2,3,Yes
33,17760,30,1,4,Yes,6,4,No
57,34845,17,3,1,No,0,2,No
23,54783,4,3,3,Yes,1,6,No
52,38887,9,3,3,Yes,10,1,No
39,71154,7,2,3,Yes,3,4,No
24,62137,39,1,2,No,8,2,Yes
60,34778,26,4,3,No,8,5,No
22,46351,13,3,4,Yes,1,5,Yes
60,61520,39,1,2,No,1,3,Yes
54,72093,34,2,2,No,4,4,No
57,71022,39,3,2,No,5,6,No
26,75970,27,4,1,No,3,4,No
56,29062,29,1,2,Yes,9,1,Yes
43,72733,28,1,4,Yes,0,6,Yes
56,25842,7,2,4,No,4,1,Yes
36,54663,2,3,3,Yes,7,6,No
48,22121,38,3,2,No,7,6,No
58,60333,14,1,3,No,1,0,Yes
39,40327,14,1,3,No,7,5,No
42,48514,21,2,3,No,7,6,Yes
57,22278,33,3,1,Yes,3,2,Yes
53,48245,21,1,2,No,3,2,No
59,36516,31,3,4,No,0,1,No
41,44157,9,1,2,Yes,0,0,No
36,19184,30,4,3,No,4,5,Yes
54,49816,12,2,2,No,3,3,No
35,46494,28,1,3,Yes,5,4,No
53,25478,19,3,4,Yes,10,2,No
46,27132,14,4,2,No,0,1,No
28,28893,31,3,2,No,10,0,Yes
29,34996,34,4,3,No,9,4,No
56,44879,4,1,1,No,9,6,No
53,38969,21,1,4,Yes,5,5,Yes
30,57880,25,1,3,No,3,0,Yes
35,77219,40,2,3,Yes,7,3,Yes
59,46245,19,4,2,Yes,8,2,No
59,31844,6,1,3,No,0,3,Yes
55,52992,5,3,1,Yes,6,1,Yes
20,76365,15,3,1,Yes,7,1,Yes
54,53215,15,4,2,Yes,0,4,Yes
46,78546,17,4,1,Yes,7,3,Yes
48,21537,36,3,4,No,0,4,Yes
22,55303,15,3,1,Yes,1,0,Yes
25,56149,7,4,1,Yes,4,1,No
23,19752,2,1,1,Yes,6,3,No
34,57503,34,2,3,No,2,2,Yes
36,33467,37,4,1,Yes,1,4,Yes
24,19807,37,4,1,No,2,6,No
55,45590,39,4,4,Yes,7,6,No
31,24783,37,2,3,No,9,3,Yes
59,76748,15,4,4,Yes,4,3,No
44,76882,27,1,1,Yes,10,3,Yes
28,25169,3,1,4,Yes,5,3,No
59,28040,34,4,1,No,1,1,Yes
25,72796,38,1,1,Yes,9,3,No
30,72651,21,1,2,Yes,2,2,Yes
43,55622,22,1,1,No,2,3,No
32,46697,27,2,1,Yes,5,2,No
58,69130,0,2,3,No,2,3,No
36,30520,14,3,4,Yes,3,3,Yes
38,46660,0,3,2,Yes,4,4,No
24,16599,32,1,2,Yes,7,3,No
25,44740,20,3,4,Yes,7,3,No
58,27027,28,2,3,No,8,2,Yes
32,18015,18,1,3,Yes,4,6,No
40,15690,18,2,4,No,4,2,Yes
43,60865,27,4,1,No,8,5,Yes
39,40303,8,3,4,Yes,2,3,Yes
33,17706,27,1,3,Yes,4,3,Yes
41,17687,23,3,4,Yes,5,4,No
47,67481,24,1,1,No,8,3,No
27,31486,20,1,1,Yes,1,5,No
24,47288,2,1,1,No,7,4,No
43,27226,28,3,4,No,1,3,No
23,47333,8,2,3,Yes,7,2,Yes
60,76045,27,1,1,No,10,5,Yes
48,69034,12,1,3,Yes,7,5,No
40,44828,21,4,3,No,9,3,Yes
20,62465,15,1,4,Yes,8,6,Yes
34,74811,14,1,1,Yes,8,1,Yes
34,46821,20,1,2,Yes,8,0,No
35,72904,14,2,1,Yes,0,3,Yes
33,20326,36,1,1,Yes,6,0,No
27,75736,39,4,2,No,10,6,No
50,38052,6,2,1,Yes,2,1,Yes
58,47307,14,1,1,Yes,0,2,No
41,42429,33,3,2,Yes,1,5,Yes
46,68984,10,4,1,Yes,5,3,No
50,71772,34,2,1,Yes,10,3,No
56,45051,11,3,3,No,4,2,Yes
46,26661,14,2,4,No,1,2,No
30,29845,16,4,3,Yes,3,4,Yes
20,75674,40,3,3,No,8,5,Yes
37,55919,8,1,3,Yes,5,5,Yes
44,47586,14,3,2,No,5,3,Yes
52,59248,24,3,2,No,1,3,Yes
43,67916,28,4,2,Yes,4,4,Yes
33,25436,37,1,2,No,6,0,Yes
33,49778,24,3,3,No,2,5,No
40,17524,31,1,3,Yes,5,3,Yes
43,39790,28,1,4,No,4,1,No
57,33640,16,2,2,No,10,2,No
57,58601,36,4,2,Yes,7,6,No
23,77472,7,3,1,Yes,6,6,Yes
44,46028,19,2,2,Yes,5,4,Yes
31,39334,39,4,3,No,2,4,No
20,23304,20,4,2,No,2,0,Yes
21,40822,31,2,2,No,4,4,No
30,65263,12,3,1,Yes,1,3,Yes
29,49486,13,1,1,No,0,2,Yes
50,52761,2,4,1,No,8,4,Yes
59,60266,32,3,3,Yes,6,6,Yes
21,69782,33,4,3,Yes,6,1,No
53,16637,21,2,3,No,4,1,No
58,24079,27,1,3,No,3,2,No
49,17424,3,2,4,No,10,2,No
46,22159,5,1,2,Yes,7,4,No
50,68681,32,1,1,Yes,3,1,Yes
21,49300,26,4,2,Yes,3,0,Yes
48,47690,32,3,4,No,9,5,No
40,51791,4,2,2,Yes,1,4,Yes
28,52929,16,2,1,No,7,2,Yes
35,21952,36,2,3,No,2,5,No
38,46227,16,4,4,Yes,6,0,No
45,19488,23,2,4,No,5,1,No
33,43204,4,4,1,Yes,6,1,No
54,41978,36,4,2,Yes,10,6,No
32,23664,6,3,3,Yes,8,2,Yes
24,18018,11,3,4,No,1,5,No
44,78804,23,3,4,Yes,7,1,No
29,58332,8,2,4,No,10,5,Yes
22,36993,12,2,2,Yes,6,0,No
33,76634,4,1,4,Yes,7,2,Yes
48,61410,5,2,1,No,3,2,Yes
40,16392,20,3,4,Yes,9,4,No
28,28493,7,3,4,No,2,3,No
29,38808,24,3,1,No,6,6,Yes
55,18598,9,3,3,Yes,8,2,Yes
31,50188,33,2,1,Yes,8,5,No
30,79232,10,2,4,Yes,4,5,No
28,60620,4,4,2,No,0,3,No
60,68013,31,1,3,Yes,0,5,Yes
31,30248,37,3,2,Yes,9,6,No
43,79442,12,2,3,Yes,10,3,No
53,58866,25,2,1,Yes,1,1,Yes
37,24585,24,3,3,Yes,7,3,Yes
38,75667,22,2,2,Yes,10,5,Yes
45,24349,33,3,2,Yes,5,6,Yes
40,50294,33,4,4,No,1,3,Yes
60,56016,36,2,1,No,9,6,Yes
41,44821,35,2,2,Yes,0,4,Yes
38,51549,35,2,4,No,5,1,Yes
36,34465,27,4,4,No,4,0,No
37,50412,20,4,2,Yes,3,3,Yes
38,45026,22,1,2,No,1,3,Yes
41,60319,0,4,1,No,0,6,No
43,25995,0,1,2,Yes,2,6,Yes
35,76375,0,4,2,No,3,5,No
32,36697,25,1,2,No,6,3,Yes
26,65234,31,1,4,Yes,2,5,No
